galaxy_name,completeness_pct,quality_flag,constellation,cluster_id,ra,dec,distance_mpc,effective_radius_kpc,stellar_mass_solar,dark_matter_fraction
NGC4656UV,100.0,Confirmed,Canes Venatici,11,190.92,32.15,7.2,2.0,18000000.0,0.96
DF2,100.0,Confirmed,Cetus,10,40.44531,-8.40297,17.7,2.26,218776160.0,0.0
DF4,100.0,Confirmed,Cetus,10,39.81271,-8.11597,18.8,1.66,177827940.0,0.0
N1052-DF2,100.0,Confirmed,Cetus,10,40.26999,-8.25576,22.1,2.23,151356125.0,0.0
NGC 1052-DF2,100.0,Confirmed,Cetus,10,40.445,-8.402583,22.1,2.7,200000000.0,0.0
NGC 1052-DF4,100.0,Confirmed,Cetus,10,39.813,-8.116,20.0,2.1,150000000.0,0.0
UGC 2162,100.0,Confirmed,Cetus,10,40.096208,1.22925,12.3,1.7,20000000.0,0.96
1259299+274302,100.0,Confirmed,Coma Berenices,-1,194.87458,27.717222,77.5821,2.1,136800000.0,0.75
AGC 229102,100.0,Confirmed,Coma Berenices,-1,189.012,15.345,110.0,5.5,150000000.0,0.88
AGC 229103,100.0,Confirmed,Coma Berenices,-1,190.234,16.678,95.0,4.0,80000000.0,0.92
AGC 229104,100.0,Confirmed,Coma Berenices,-1,191.456,17.901,105.0,5.2,120000000.0,0.87
AGC 229105,100.0,Confirmed,Coma Berenices,-1,192.678,18.234,115.0,6.5,250000000.0,0.83
AGC 229106,100.0,Confirmed,Coma Berenices,-1,193.901,19.567,80.0,3.8,60000000.0,0.93
AGC 229107,100.0,Confirmed,Coma Berenices,-1,195.123,20.89,130.0,7.0,300000000.0,0.8
AGC 229108,100.0,Confirmed,Coma Berenices,-1,196.345,21.123,85.0,4.2,70000000.0,0.91
AGC 229109,100.0,Confirmed,Coma Berenices,-1,197.567,22.456,125.0,6.8,280000000.0,0.82
1259041+281422,100.0,Confirmed,Coma Berenices,2,194.76708,28.239444,100.0597,1.5,63640000.0,0.9
1259042+281507,100.0,Confirmed,Coma Berenices,2,194.7675,28.251944,107.1343,1.9,64860000.0,0.9
1259372+274815,100.0,Confirmed,Coma Berenices,2,194.905,27.804167,113.0448,1.6,58000000.0,0.93
DF 44,100.0,Confirmed,Coma Berenices,2,195.2417,26.9764,102.0,4.7,300000000.0,0.99
DF17,100.0,Confirmed,Coma Berenices,2,195.4929167,27.8363889,100.0,4.4,263000000.0,0.999168236
DFX1,100.0,Confirmed,Coma Berenices,2,195.315833,27.210278,100.0,3.5,340000000.0,0.99963606
GMP 2552,100.0,Confirmed,Coma Berenices,2,195.16098,27.47647,99.0,1.9,130000000.0,0.96
GMP 2639,100.0,Confirmed,Coma Berenices,2,195.1217,27.33322,99.0,4.99,790000000.0,0.84
GMP 2640,100.0,Confirmed,Coma Berenices,2,195.1218,27.51484,99.0,3.06,2360000000.0,0.9
GMP 2662,100.0,Confirmed,Coma Berenices,2,195.11375,27.43855,99.0,1.66,70000000.0,0.94
GMP 2673,100.0,Confirmed,Coma Berenices,2,195.10945,27.45978,99.0,3.7,310000000.0,0.82
GMP 2923,100.0,Confirmed,Coma Berenices,2,195.03358,27.77332,99.0,2.14,800000000.0,0.69
GMP 3016,100.0,Confirmed,Coma Berenices,2,195.00431,28.08188,99.0,2.17,310000000.0,0.83
GMP 3176,100.0,Confirmed,Coma Berenices,2,194.94282,27.74625,99.0,2.21,510000000.0,0.88
GMP 3640,100.0,Confirmed,Coma Berenices,2,194.81245,28.25101,99.0,3.74,920000000.0,0.87
GMP 4060,100.0,Confirmed,Coma Berenices,2,194.67746,27.7605,99.0,3.09,580000000.0,0.87
GMP 4118,100.0,Confirmed,Coma Berenices,2,194.65901,27.82258,99.0,2.98,580000000.0,0.8
GMP 4188,100.0,Confirmed,Coma Berenices,2,194.63453,28.37797,99.0,2.69,610000000.0,0.8
GMP 4348,100.0,Confirmed,Coma Berenices,2,194.57587,27.84848,99.0,2.73,600000000.0,0.85
J125846.94+281037.1,100.0,Confirmed,Coma Berenices,2,194.6955833333,28.1769722222,99.0,1.3,54040000.0,0.9
J130005.40+275333.0,100.0,Confirmed,Coma Berenices,2,195.0225,27.8925,100.0,1.8,59860000.0,0.9845
J130028.34+274820.5,100.0,Confirmed,Coma Berenices,2,195.1180833,27.8056944,100.0,2.1,56090000.0,0.9641
NGVSJ12:24:42.06+13:31:00.6,100.0,Confirmed,Coma Berenices,11,186.175,13.517,16.5,2.98,58400000.0,0.95
NGVSJ12:33:29.59+15:14:02.8,100.0,Confirmed,Coma Berenices,11,188.373,15.234,16.5,2.29,62300000.0,1.0
NGVSUDG-14,100.0,Confirmed,Coma Berenices,11,187.6017905,13.9818128,16.5,3.6669,394000000.0,0.97
VCC 1992,100.0,Confirmed,Coma Berenices,11,190.8,13.8,16.5,2.6,55000000.0,0.78
VLSB-D,100.0,Confirmed,Coma Berenices,11,186.1754167,13.5172222,16.5,13.4,79000000.0,0.99
FCC 224,100.0,Confirmed,Fornax,32,54.887,-31.7915,18.6,1.89,170000000.0,0.3
Abell 2147 UDG 1,100.0,Confirmed,Hercules,-1,240.567,15.789,120.0,3.8,110000000.0,0.92
J160154.20+160016.8,100.0,Confirmed,Hercules,43,240.47583,16.00467,156.0,2.85,940000000.0,0.96
J160215.29+160904.3,100.0,Confirmed,Hercules,43,240.56369,16.15119,156.0,3.77,740000000.0,0.95
J160231.45+155749.9,100.0,Confirmed,Hercules,43,240.63104,15.96387,156.0,2.2,320000000.0,0.87
AGC 198606,100.0,Confirmed,Leo,11,142.5117,16.6436,0.383,0.66,10000.0,0.992
dw1137+16,100.0,Confirmed,Leo,11,174.4416667,16.5191667,10.4,1.318,140000000.0,0.887
1,100.0,Confirmed,Perseus,0,49.251542,41.322389,72.3,1.9,48900000.0,0.9
10,100.0,Confirmed,Perseus,0,49.353917,41.436028,72.3,1.1,90000000.0,0.91
11,100.0,Confirmed,Perseus,0,49.397875,41.303528,72.3,1.1,160000000.0,0.84
12,100.0,Confirmed,Perseus,0,49.40325,41.383778,72.3,1.4,130000000.0,0.87
13,100.0,Confirmed,Perseus,0,49.409208,41.532472,72.3,1.1,190000000.0,0.81
14,100.0,Confirmed,Perseus,0,49.413417,41.517639,72.3,1.7,70000000.0,0.93
15,100.0,Confirmed,Perseus,0,49.41425,41.4125,72.3,1.3,220000000.0,0.78
16,100.0,Confirmed,Perseus,0,49.424125,41.400528,72.3,1.2,140000000.0,0.86
17,100.0,Confirmed,Perseus,0,49.434,41.355111,72.3,1.5,147910838.0,0.999
2,100.0,Confirmed,Perseus,0,49.263583,41.341417,72.3,1.2,880000.0,0.98
20,100.0,Confirmed,Perseus,0,49.47775,41.416333,72.3,1.0,13000000.0,1.0
21,100.0,Confirmed,Perseus,0,49.503375,41.373056,72.3,1.0,325000000.0,0.65
3,100.0,Confirmed,Perseus,0,49.268417,41.510889,72.3,0.8,75857757.5,0.88
4,100.0,Confirmed,Perseus,0,49.279708,41.38125,72.3,1.7,80000000.0,0.92
42,100.0,Confirmed,Perseus,0,49.64,41.462639,72.3,1.0,58000000.0,0.6552
44,100.0,Confirmed,Perseus,0,49.644708,41.377917,72.3,2.6,245470891.0,0.99
5,100.0,Confirmed,Perseus,0,49.295917,41.567583,72.3,1.7,200000000.0,0.8
6,100.0,Confirmed,Perseus,0,49.305375,41.368778,72.3,0.9,60000000.0,0.95
7,100.0,Confirmed,Perseus,0,49.316542,41.336583,72.3,2.1,180000000.0,0.82
8,100.0,Confirmed,Perseus,0,49.332125,41.575694,72.3,2.1,110000000.0,0.89
9,100.0,Confirmed,Perseus,0,49.347917,41.527806,72.3,1.4,250000000.0,0.75
114905,100.0,Confirmed,Pisces,-1,21.3270833,7.3602778,76.0,4.7,199500000.0,0.0
DGSAT-I,100.0,Confirmed,Pisces,-1,19.398,33.528,78.0,4.4,400000000.0,0.96
MATLAS-42,100.0,Confirmed,Pisces,13,20.626,8.7614,33.46,3.11,147900000.0,0.655172
COSMOS-dw1,100.0,Confirmed,Sextans,15,150.1252875,2.1497417,22.0,0.29,5600000.0,0.6
NGVSJ12:28:10.07+12:43:29.4,100.0,Confirmed,Virgo,11,187.042,12.725,16.5,2.93,21700000.0,1.0
NGVSUDG-05,100.0,Confirmed,Virgo,11,186.4067073,10.2496165,16.5,2.7166,73000000.0,1.0
NGVSUDG-09,100.0,Confirmed,Virgo,11,186.8814384,9.5956422,16.5,4.2949,335000000.0,1.0
NGVSUDG-10,100.0,Confirmed,Virgo,11,186.9800778,12.3692963,16.5,3.7949,208000000.0,0.0
NGVSUDG-20,100.0,Confirmed,Virgo,11,188.8035833,7.0562222,16.5,3.4782,13000000.0,1.0
NGVSUDG-A04,100.0,Confirmed,Virgo,11,185.769125,12.0148333,17.7,2.2594,73000000.0,0.99
NGVSUDG-A10,100.0,Confirmed,Virgo,11,188.1699846,12.7711479,16.5,3.5133,2607000000.0,0.83
VCC 1744,100.0,Confirmed,Virgo,11,189.0,12.8,16.5,3.0,90000000.0,0.88
VCC 1910,100.0,Confirmed,Virgo,11,190.2,12.6,16.5,3.8,150000000.0,0.92
VCC 2000,100.0,Confirmed,Virgo,11,187.123,11.456,16.5,2.8,50000000.0,0.85
VCC 2037,100.0,Confirmed,Virgo,11,191.4,12.4,16.5,3.3,110000000.0,0.87
VCC 615,100.0,Confirmed,Virgo,11,185.7695833,12.0155556,16.5,2.3,73000000.0,0.99
VLSB-B,100.0,Confirmed,Virgo,11,187.0441667,12.7244444,12.7,1.7,22000000.0,0.99
KiDS_UDG_NGC5846_226.33_1.81,100.0,Confirmed,Virgo,19,226.3342,1.8115,26.8,2.267,86000000.0,0.52
Secco--dI--2,100.0,Confirmed,Virgo,55,176.1408,-0.8669,40.0,1.3,9000000.0,0.86
AHCJ1359+3726,83.3,Needs Review,Andromeda,-1,13.9939,37.4431,42.0,4.4,269000000.0,
SMDG0015544+280910,83.3,Needs Review,Andromeda,-1,3.976666667,28.15277778,127.0,3.53,263026799.0,
SMDG0018470+302845,83.3,Needs Review,Andromeda,-1,4.695833333,30.47916667,78.0,2.74,426579519.0,
SMDG0037442+241228,83.3,Needs Review,Andromeda,-1,9.434,24.208,63.9,3.6,316000000.0,
And XIX,83.3,Needs Review,Andromeda,11,4.88375,35.0436111,0.93,3.1,6309573.44,
Andromeda XIX,83.3,Needs Review,Andromeda,11,4.89375,35.0447222222,0.8128,3.357,1600000.0,
AHCJ020345.3+371444-1,83.3,Needs Review,Andromeda,23,30.93875,37.24889,50.0,1.5,234000000.0,
AHCJ020345.3+371444-2,83.3,Needs Review,Andromeda,23,30.92958,37.24528,50.0,3.5,603000000.0,
AHCJ2216+4024,83.3,Needs Review,Andromeda,25,22.2778,40.4061,55.0,4.7,427000000.0,
AHCJ2239+3832,83.3,Needs Review,Andromeda,25,22.6507,38.5339,53.0,4.6,245000000.0,
[TT 2009]30,83.3,Needs Review,Andromeda,29,35.7279167,42.7125,9.8,1.7,6165950.0,
SMDG0025100+310314,83.3,Needs Review,Andromeda,71,6.291666667,31.05388889,67.0,1.97,151356125.0,
SMDG0033164+283310,83.3,Needs Review,Andromeda,71,8.318333333,28.55277778,70.0,2.8,93325430.1,
SMDG2207591-100713,83.3,Needs Review,Aquarius,-1,331.996,-10.12,40.6,1.6,31600000.0,
SMDG2217328-132522,83.3,Needs Review,Aquarius,-1,334.387,-13.423,22.5,1.7,25100000.0,
SMDG2227407-122104,83.3,Needs Review,Aquarius,-1,336.92,-12.351,65.7,3.1,126000000.0,
SMDG2235086+011040,83.3,Needs Review,Aquarius,-1,338.786,1.178,238.1,6.8,1580000000.0,
SMDG2251037-015247,83.3,Needs Review,Aquarius,-1,342.765,-1.88,40.7,1.2,63100000.0,
SMDG2329214-063209,83.3,Needs Review,Aquarius,-1,352.339,-6.536,133.8,5.0,631000000.0,
SMDG2343135-083901,83.3,Needs Review,Aquarius,-1,355.806,-8.65,25.5,1.2,31600000.0,
SMDG2104498+002509,83.3,Needs Review,Aquarius,70,316.208,0.419,55.3,1.9,7940000.0,
SMDG2113130+014217,83.3,Needs Review,Aquarius,70,318.304,1.705,56.4,1.7,50100000.0,
AGC 124634,83.3,Needs Review,Aries,-1,35.5229,18.4089,30.6,1.62,60255958.6,
AGC 115292,83.3,Needs Review,Aries,13,27.9149,17.2881,34.5,1.67,53703179.6,
AGC 248937,83.3,Needs Review,Boötes,-1,216.4779,12.9189,118.0,4.62,346700000.0,
AGC 248945,83.3,Needs Review,Boötes,-1,221.7479,13.1697,84.0,3.83,331100000.0,
AGC 749493,83.3,Needs Review,Boötes,-1,226.2708333,24.0344444,64.2,4.15,117489755.0,
UGC9050-Dw1,83.3,Needs Review,Boötes,-1,212.3041667,51.2244445,35.2,6.2,10000000.0,
AGC 249525,83.3,Needs Review,Boötes,11,214.4696,17.5444,1.2,1.32,,0.99
AGC 249565,83.3,Needs Review,Boötes,11,218.9846,17.1678,1.2,0.965,,0.99
AGC 181474,83.3,Needs Review,Cancer,-1,121.5521,15.504,30.4,2.16,23442288.2,
AGC 749387,83.3,Needs Review,Cancer,-1,126.7348,24.729,34.4,3.15,165958690.7,
SMDG0833162+280607,83.3,Needs Review,Cancer,-1,128.3175,28.10194444,88.0,3.11,147910839.0,
AGC 189298,83.3,Needs Review,Cancer,14,133.1097,30.726,31.8,1.57,29512092.3,
AGC 198686,83.3,Needs Review,Cancer,14,135.9513,31.7847,30.0,1.21,48977881.9,
AGC 749290,83.3,Needs Review,Cancer,20,139.0046,26.6497,97.0,4.0,208900000.0,
SMDG0915558+295527,83.3,Needs Review,Cancer,20,138.98,29.92,102.9,4.54,135000000.0,
Ark 227,83.3,Needs Review,Canes Venatici,-1,209.04208,40.30333,35.0,0.23,5000000000.0,
M-161-1,83.3,Needs Review,Canes Venatici,-1,202.473,46.372,81.0,4.1,134900000.0,
NGC 4631dw1,83.3,Needs Review,Canes Venatici,11,190.2375,32.7925,7.4,2.355,19952623.15,
AGC 234932,83.3,Needs Review,Canes Venatici,16,203.78042,31.52167,70.0,2.9,339000000.0,
UGC 8503,83.3,Needs Review,Canes Venatici,16,202.68708,32.76083,67.0,7.6,1910000000.0,
AGC 239039,83.3,Needs Review,Canes Venatici,18,202.675417,29.792778,47.0,3.4,363100000.0,
AGC 239112,83.3,Needs Review,Canes Venatici,18,204.269167,31.894167,48.0,2.9,109600000.0,
UGC 8602,83.3,Needs Review,Canes Venatici,18,204.189583,32.093056,48.0,4.4,489800000.0,
UGC 8605,83.3,Needs Review,Canes Venatici,18,204.225,32.095556,48.0,5.7,575400000.0,
AHCJ135938.5+372631,83.3,Needs Review,Canes Venatici,22,209.91042,37.44194,42.0,4.4,269000000.0,
WISEA J135937.97+372636.1,83.3,Needs Review,Canes Venatici,22,209.908333,37.443056,42.0,4.4,269200000.0,
SMDG1312223+312320,83.3,Needs Review,Canes Venatici,68,198.09292,31.388889,115.4627,3.2,151356125.0,
Cas III,83.3,Needs Review,Cassiopeia,11,8.9975,51.5597222,0.78,1.8,36307805.48,
Cen A-MM-dw1,83.3,Needs Review,Centaurus,11,202.5595833,-41.8933333,3.63,1.4,95499258.63,
CenA-MM-Dw3,83.3,Needs Review,Centaurus,11,202.5895833,-42.1925,4.61,3.315,75857757.5,
KK98a 189,83.3,Needs Review,Centaurus,11,198.1884583,-41.8320083,3.8,0.28386,3019952.0,
dw1312-4218,83.3,Needs Review,Centaurus,11,198.0936667,-42.31155,3.8,0.12141,147910.8,
dw1312-4244,83.3,Needs Review,Centaurus,11,198.0455417,-42.7454611,3.8,0.14269,223872.1,
dw1312-4246,83.3,Needs Review,Centaurus,11,198.0424167,-42.7801473,3.8,0.11837,776247.1,
dw1313-4211,83.3,Needs Review,Centaurus,11,198.3928333,-42.1856611,3.8,0.228,1412537.5,
dw1313-4214,83.3,Needs Review,Centaurus,11,198.4016667,-42.2355861,3.8,0.18411,1071519.3,
dw1313-4246,83.3,Needs Review,Centaurus,11,198.178625,-42.7807139,3.8,0.10241,269153.4,
dw1314-4142,83.3,Needs Review,Centaurus,11,198.68675,-41.7078528,3.8,0.07391,169824.4,
dw1314-4204,83.3,Needs Review,Centaurus,11,198.5340417,-42.0690306,3.8,0.08493,602559.6,
dw1314-4230,83.3,Needs Review,Centaurus,11,198.591375,-42.5116306,3.8,0.11248,776247.1,
dw1315-4232,83.3,Needs Review,Centaurus,11,198.7624167,-42.5382722,3.8,0.16036,575439.9,
dw1315-4309,83.3,Needs Review,Centaurus,11,198.8915417,-43.15755,3.8,0.11495,186208.7,
dw1316-4224,83.3,Needs Review,Centaurus,11,199.176125,-42.4014778,3.8,0.27246,1995262.3,
dw1317-4255,83.3,Needs Review,Centaurus,11,199.4520417,-42.9279028,3.8,0.24567,354813.4,
dw1318-4233,83.3,Needs Review,Centaurus,11,199.5232917,-42.5603056,3.8,0.31882,407380.3,
dw1319-4203,83.3,Needs Review,Centaurus,11,199.8385833,-42.0607611,3.8,0.09329,660693.4,
Disco Ball,83.3,Needs Review,Cetus,-1,9.652083,-6.701944,46.5,3.3,316227766.0,
KDG 013,83.3,Needs Review,Cetus,-1,32.14,-7.8497778,55.5,3.4,100000000.0,
Nube,83.3,Needs Review,Cetus,-1,20.864042,-0.624397,107.0,6.9,390000000.0,
S82-DG-1,83.3,Needs Review,Cetus,-1,46.825,-0.79297,28.7,1.6,62000000.0,
SMDG0045533-093353,83.3,Needs Review,Cetus,-1,11.472,-9.565,80.7,3.0,631000000.0,
SMDG0109254-014543,83.3,Needs Review,Cetus,-1,17.356,-1.762,55.2,3.0,794000000.0,
SMDG0134336+005425,83.3,Needs Review,Cetus,-1,23.64,0.907,184.5,3.5,63100000.0,
SMDG0152163-044242,83.3,Needs Review,Cetus,-1,28.068,-4.712,69.5,6.9,251000000.0,
238,83.3,Needs Review,Cetus,6,30.263,-6.68032,65.0,1.06,21850000.0,
344,83.3,Needs Review,Cetus,6,36.67423,-4.07979,65.0,2.29,63500000.0,
342,83.3,Needs Review,Cetus,10,36.52391,-5.25631,32.0,1.48,64600000.0,
DF1,83.3,Needs Review,Cetus,10,40.01907,-8.44619,20.4,2.62,25118864.0,
DF5,83.3,Needs Review,Cetus,10,39.80284,-8.14083,20.5,1.8,,0.0
DF7,83.3,Needs Review,Cetus,10,39.62401,-7.92576,17.8,4.3,435000000.0,
DFUWS 258,83.3,Needs Review,Cetus,10,36.0965833,-3.1829306,15.4,1.23,43700000.0,
DFUWS-54,83.3,Needs Review,Cetus,10,40.8410833333,-7.8423722222,18.3,1.63,51286138.0,
KUG 0203-Dw1,83.3,Needs Review,Cetus,10,31.44375,-9.8418889,26.8,1.5,12600000.0,
LSBG-285,83.3,Needs Review,Cetus,10,39.481167,-6.256628,24.6,1.2,27000000.0,
NGC 1084-DF1,83.3,Needs Review,Cetus,10,40.65833,-7.33786,18.5,1.63,193800000.0,
SMDG0126070-020411,83.3,Needs Review,Cetus,10,21.52916667,-2.069722222,29.0,1.74,60255958.6,
SMDG0127038-082400,83.3,Needs Review,Cetus,10,21.766,-8.4,27.0,1.1,20000000.0,
SMDG0145431-084143,83.3,Needs Review,Cetus,10,26.43,-8.695,26.0,1.2,31600000.0,
SMDG0147005-142556,83.3,Needs Review,Cetus,10,26.7520833,-14.4322222,23.8,1.0,15848931.92,
SMDG0148234-131444,83.3,Needs Review,Cetus,10,27.0975,-13.2455556,23.2,1.0,15848931.92,
Scl-MM-Dw2,83.3,Needs Review,Cetus,11,12.57125,-24.7497222,3.12,2.9,22908676.53,
UDG-B4,83.3,Needs Review,Cetus,33,9.89,1.12,59.0,1.7,70794578.0,
UDG-B5,83.3,Needs Review,Cetus,33,9.97,0.38,59.0,3.1,100000000.0,
J01:22:31.599-01:37:29.491,83.3,Needs Review,Cetus,37,20.63166,-1.62486,77.7,1.3468,25118864.315,
J01:22:44.406-01:21:05.462,83.3,Needs Review,Cetus,37,20.68503,-1.35152,77.7,1.2376,19952623.149,
J01:22:57.659-01:03:57.566,83.3,Needs Review,Cetus,37,20.74025,-1.06599,77.7,0.9828,25118864.315,
J01:23:09.271-01:28:26.721,83.3,Needs Review,Cetus,37,20.78863,-1.47409,77.7,1.3832,19952623.149,
J01:23:22.943-01:17:38.620,83.3,Needs Review,Cetus,37,20.8456,-1.29406,77.7,1.092,10000000.0,
J01:23:27.773-00:55:21.039,83.3,Needs Review,Cetus,37,20.86572,-0.92251,77.7,1.0192,6309573.445,
J01:23:31.637-01:23:25.319,83.3,Needs Review,Cetus,37,20.88182,-1.39037,77.7,1.092,125892541.179,
J01:23:44.851-01:37:27.984,83.3,Needs Review,Cetus,37,20.93688,-1.62444,77.7,1.3104,31622776.602,
J01:23:47.268-01:17:26.726,83.3,Needs Review,Cetus,37,20.94695,-1.29076,77.7,1.4196,19952623.149,
J01:23:59.643-01:24:43.713,83.3,Needs Review,Cetus,37,20.99851,-1.41214,77.7,1.456,50118723.362,
J01:24:00.601-01:35:15.808,83.3,Needs Review,Cetus,37,21.0025,-1.58772,77.7,1.2376,63095734.455,
J01:24:02.742-01:49:30.931,83.3,Needs Review,Cetus,37,21.01142,-1.82526,77.7,1.1648,50118723.362,
J01:24:06.822-01:42:08.144,83.3,Needs Review,Cetus,37,21.02843,-1.70226,77.7,1.638,25118864.315,
J01:24:09.443-01:34:51.826,83.3,Needs Review,Cetus,37,21.03935,-1.58106,77.7,1.1648,50118723.362,
J01:24:09.514-01:37:19.400,83.3,Needs Review,Cetus,37,21.03964,-1.62206,77.7,1.274,25118864.315,
J01:24:10.378-01:24:03.853,83.3,Needs Review,Cetus,37,21.04324,-1.40107,77.7,1.1648,79432823.472,
J01:24:12.524-01:15:53.605,83.3,Needs Review,Cetus,37,21.05218,-1.26489,77.7,1.1284,79432823.472,
J01:24:16.553-01:24:54.715,83.3,Needs Review,Cetus,37,21.06897,-1.4152,77.7,1.0556,10000000.0,
J01:24:17.177-01:30:07.435,83.3,Needs Review,Cetus,37,21.07157,-1.50207,77.7,1.1648,79432823.472,
J01:24:19.742-01:36:32.984,83.3,Needs Review,Cetus,37,21.08226,-1.60916,77.7,1.0556,50118723.362,
J01:24:24.290-01:41:09.630,83.3,Needs Review,Cetus,37,21.10121,-1.68601,77.7,1.3104,15848931.924,
J01:24:24.399-01:13:30.857,83.3,Needs Review,Cetus,37,21.10166,-1.22524,77.7,1.9656,63095734.455,
J01:24:24.479-01:25:08.939,83.3,Needs Review,Cetus,37,21.102,-1.41915,77.7,1.092,12589254.118,
J01:24:26.226-01:24:45.783,83.3,Needs Review,Cetus,37,21.10927,-1.41272,77.7,2.184,100000000.0,
J01:24:28.295-01:25:03.997,83.3,Needs Review,Cetus,37,21.1179,-1.41778,77.7,1.456,31622776.602,
J01:24:35.281-01:31:10.590,83.3,Needs Review,Cetus,37,21.147,-1.51961,77.7,1.2376,15848931.924,
J01:24:36.340-02:04:22.976,83.3,Needs Review,Cetus,37,21.15142,-2.07305,77.7,2.366,50118723.362,
J01:24:40.652-01:38:11.829,83.3,Needs Review,Cetus,37,21.16939,-1.63662,77.7,1.82,100000000.0,
J01:24:40.794-01:25:25.069,83.3,Needs Review,Cetus,37,21.16998,-1.42363,77.7,0.9464,19952623.149,
J01:24:41.234-01:43:58.390,83.3,Needs Review,Cetus,37,21.17181,-1.73289,77.7,2.6208,39810717.055,
J01:24:41.836-01:15:10.522,83.3,Needs Review,Cetus,37,21.17432,-1.25292,77.7,1.1284,25118864.315,
J01:24:43.896-01:30:26.899,83.3,Needs Review,Cetus,37,21.1829,-1.50747,77.7,0.9464,50118723.362,
J01:24:45.955-02:03:44.573,83.3,Needs Review,Cetus,37,21.19148,-2.06238,77.7,1.274,39810717.055,
J01:24:46.134-00:50:40.281,83.3,Needs Review,Cetus,37,21.19223,-0.84452,77.7,1.9656,31622776.602,
J01:24:47.646-01:02:23.619,83.3,Needs Review,Cetus,37,21.19852,-1.03989,77.7,1.5652,100000000.0,
UDG-B2,83.3,Needs Review,Cetus,72,9.6,1.11,82.0,2.8,114815362.0,
SMDG0320211-011014,83.3,Needs Review,Cetus,73,50.08791667,-1.17055556,88.0,3.7,220000000.0,
UDG-B3,83.3,Needs Review,Cetus,73,49.96,-0.86,88.0,3.2,338844156.0,
AGC 226067,83.3,Needs Review,Coma Berenices,-1,187.456,13.789,120.0,6.0,200000000.0,
AGC 235123,83.3,Needs Review,Coma Berenices,-1,194.123,20.89,125.0,7.0,300000000.0,
AGC 236456,83.3,Needs Review,Coma Berenices,-1,195.345,21.123,100.0,5.0,100000000.0,
AGC229101,83.3,Needs Review,Coma Berenices,-1,188.789,14.012,90.0,3.0,50000000.0,
OGS1,83.3,Needs Review,Coma Berenices,-1,195.10125,27.865417,89.0,1.5,310000000.0,
SMDG1225185+270858,83.3,Needs Review,Coma Berenices,-1,186.32708,27.149444,92.209,2.8,102329299.0,
SMDG1226040+241802,83.3,Needs Review,Coma Berenices,-1,186.51667,24.300556,177.3881,4.8,371553534.0,
SMDG1230359+273310,83.3,Needs Review,Coma Berenices,-1,187.64958,27.552778,105.6866,3.4,102329299.0,
SMDG1248019+261235,83.3,Needs Review,Coma Berenices,-1,192.00792,26.209722,94.403,3.1,102329299.0,
358,83.3,Needs Review,Coma Berenices,2,194.81,28.038,100.0,1.75,125893000.0,
436,83.3,Needs Review,Coma Berenices,2,195.122,27.99,100.0,2.5,54954000.0,
534,83.3,Needs Review,Coma Berenices,2,194.254,27.532,100.0,1.66,60256000.0,
AGC 229110,83.3,Needs Review,Coma Berenices,2,191.5362,28.7508,112.0,5.26,158500000.0,
DF11,83.3,Needs Review,Coma Berenices,2,195.60625,28.23278,100.0,2.1,340000000.0,
DF26,83.3,Needs Review,Coma Berenices,2,195.0858333,27.7869444,100.0,3.3,370000000.0,
DF28,83.3,Needs Review,Coma Berenices,2,194.8766667,27.7472222,100.0,2.7,141000000.0,
DF46,83.3,Needs Review,Coma Berenices,2,195.1970833,26.7830556,100.0,3.4,109600000.0,
DF6,83.3,Needs Review,Coma Berenices,2,194.12375,28.4444444,100.0,4.4,158500000.0,
Dragonfly 02 (DF02),83.3,Needs Review,Coma Berenices,2,194.79,29.007,100.0,2.1,204200000.0,
Dragonfly 07 (DF07),83.3,Needs Review,Coma Berenices,2,194.257,28.39,100.0,4.3,398100000.0,
Dragonfly 08 (DF08),83.3,Needs Review,Coma Berenices,2,195.377,28.374,100.0,4.4,213800000.0,
Dragonfly 17 (DF17),83.3,Needs Review,Coma Berenices,2,195.494,27.836,100.0,3.3,371500000.0,
Dragonfly 23 (DF23),83.3,Needs Review,Coma Berenices,2,194.849,27.791,100.0,2.3,125900000.0,
Dragonfly 25 (DF25),83.3,Needs Review,Coma Berenices,2,194.952,27.778,100.0,4.4,173800000.0,
Dragonfly 40 (DF40),83.3,Needs Review,Coma Berenices,2,194.505,27.191,100.0,2.9,239900000.0,
Dragonfly 44 (DF44),83.3,Needs Review,Coma Berenices,2,195.242,26.976,100.0,4.7,426600000.0,
Dragonfly X2 (DFX2),83.3,Needs Review,Coma Berenices,2,195.272,27.16,100.0,1.7,251200000.0,
J125848.94+281037.1,83.3,Needs Review,Coma Berenices,2,194.7039165,28.1769722,100.0,1.5,50160000.0,
OGS2,83.3,Needs Review,Coma Berenices,2,195.096667,27.8735,97.4,1.3,380000000.0,
SMDG1241424+273353,83.3,Needs Review,Coma Berenices,2,190.4266667,27.56472222,110.9,3.81,229086765.0,
SMDG1251014,83.3,Needs Review,Coma Berenices,2,192.75563,27.798033,100.0,4.99,490000000.0,
SMDG1259305+274450,83.3,Needs Review,Coma Berenices,2,194.87708,27.747222,113.6269,2.9,140000000.0,
SMDG1300206+274712,83.3,Needs Review,Coma Berenices,2,195.08583,27.786667,101.7612,3.7,305000000.0,
Yagi098,83.3,Needs Review,Coma Berenices,2,195.0966708333,27.8047611111,100.0,2.9,107000000.0,
Yagi358 (Y358),83.3,Needs Review,Coma Berenices,2,194.81,28.038,100.0,2.3,398100000.0,
Yagi392,83.3,Needs Review,Coma Berenices,2,194.9840583333,27.80355,100.0,1.5,91000000.0,
Yagi398,83.3,Needs Review,Coma Berenices,2,195.001725,27.8054666667,100.0,1.34,36000000.0,
Yagi418,83.3,Needs Review,Coma Berenices,2,195.0487916667,27.8280527778,100.0,1.6,124000000.0,
Yagi534 (Y534),83.3,Needs Review,Coma Berenices,2,194.254,27.532,100.0,1.9,147900000.0,
1300117+274941,83.3,Needs Review,Coma Berenices,3,195.04875,27.828056,126.3582,2.4,124000000.0,
Yagi090,83.3,Needs Review,Coma Berenices,3,195.085,27.823333,130.2,2.0,100000000.0,
1259562+274812,83.3,Needs Review,Coma Berenices,4,194.98417,27.803333,119.6567,2.3,91000000.0,
DF3,83.3,Needs Review,Coma Berenices,5,195.56875,28.9547222,142.0,2.9,131800000.0,
SMDG1300204+274924,83.3,Needs Review,Coma Berenices,5,195.085,27.823333,144.6119,3.0,100000000.0,
ComaP,83.3,Needs Review,Coma Berenices,11,188.0429,20.4231,5.5,1.0,35000000.0,
KK 180,83.3,Needs Review,Coma Berenices,11,196.1258,17.7589,16.4,1.62,110000000.0,
NGVSJ12:12:21.23+13:44:16.6,83.3,Needs Review,Coma Berenices,11,183.088,13.738,16.5,2.29,26400000.0,
NGVSJ12:23:47.33+13:36:08.3,83.3,Needs Review,Coma Berenices,11,185.947,13.602,16.5,2.04,26800000.0,
NGVSJ12:24:01.84+13:51:56.4,83.3,Needs Review,Coma Berenices,11,186.008,13.866,16.5,2.98,13700000.0,
NGVSJ12:24:36.61+13:36:45.2,83.3,Needs Review,Coma Berenices,11,186.153,13.613,16.5,1.6,7700000.0,
NGVSJ12:26:48.36+13:21:17.7,83.3,Needs Review,Coma Berenices,11,186.702,13.355,16.5,2.06,17300000.0,
NGVSJ12:26:57.00+14:47:52.5,83.3,Needs Review,Coma Berenices,11,186.738,14.798,16.5,2.06,8100000.0,
NGVSJ12:27:15.75+13:26:56.1,83.3,Needs Review,Coma Berenices,11,186.816,13.449,16.5,1.23,11600000.0,
NGVSJ12:28:26.16+15:22:38.6,83.3,Needs Review,Coma Berenices,11,187.109,15.377,16.5,1.19,3700000.0,
NGVSJ12:33:02.20+13:42:14.0,83.3,Needs Review,Coma Berenices,11,188.259,13.704,16.5,2.54,4600000.0,
VCC 1181,83.3,Needs Review,Coma Berenices,11,187.345,15.064,16.5,2.07,33900000.0,
VCC 2188,83.3,Needs Review,Coma Berenices,11,192.0,13.5,16.5,3.6,130000000.0,
VCC 481,83.3,Needs Review,Coma Berenices,11,185.379,15.501,16.5,2.2,55000000.0,
VCC 824,83.3,Needs Review,Coma Berenices,11,186.411,14.151,16.5,2.24,153000000.0,
AGC 237789,83.3,Needs Review,Coma Berenices,17,196.567,22.456,110.0,5.8,180000000.0,
SMDG1301004+210356,83.3,Needs Review,Coma Berenices,17,195.25167,21.065556,109.5522,4.2,165958690.0,
PEARLSDG,83.3,Needs Review,Coma Berenices,65,183.075,27.59,30.0,0.53,17000000.0,
SMDG1220188+280131,83.3,Needs Review,Coma Berenices,65,185.0791667,28.02611111,32.6,2.0,32359365.7,
UGC 8363,83.3,Needs Review,Coma Berenices,67,199.69292,27.73278,38.0,3.3,813000000.0,
SMDG1315427+311846,83.3,Needs Review,Coma Berenices,68,198.92792,31.312778,115.403,6.5,275422870.0,
NGC 4594-DGSAT-1,83.3,Needs Review,Corvus,11,189.97958,-11.744,10.6,1.67,62800000.0,
UDG 27,83.3,Needs Review,Draco,-1,256.171,62.035,99.8,4.3,794328234.7242821,
J024013-393446,83.3,Needs Review,Eridanus,-1,40.055,-39.579,28.1,1.6,20000000.0,
SMDG0321028-042741,83.3,Needs Review,Eridanus,-1,50.262,-4.461,56.1,2.3,126000000.0,
SMDG0459164-072243,83.3,Needs Review,Eridanus,-1,74.818,-7.379,54.5,2.5,158000000.0,
J033402-205037,83.3,Needs Review,Eridanus,32,53.508,-20.845,25.2,1.9,22400000.0,
SMDG 0332252-231233,83.3,Needs Review,Eridanus,32,53.10507,-23.20915,21.0,1.33,54954087.0,
SMDG 0334081-232128,83.3,Needs Review,Eridanus,32,53.53354,-23.35785,21.0,1.09,1995262.0,
SMDG 0335286-230353,83.3,Needs Review,Eridanus,32,53.86915,-23.06482,21.0,1.02,2884032.0,
SMDG 0336039-233707,83.3,Needs Review,Eridanus,32,54.01629,-23.61862,21.0,0.75,10471285.0,
SMDG 0336444-231222,83.3,Needs Review,Eridanus,32,54.18518,-23.2061,21.0,1.14,8912509.0,
SMDG 0337279-231213,83.3,Needs Review,Eridanus,32,54.36616,-23.20352,21.0,0.91,7079458.0,
SMDG 0338261-231711,83.3,Needs Review,Eridanus,32,54.60877,-23.28646,21.0,1.64,10232929.92,
SMDG 0338400-234705,83.3,Needs Review,Eridanus,32,54.66684,-23.78466,21.0,0.98,19498446.0,
SMDG 0338435-231802,83.3,Needs Review,Eridanus,32,54.68114,-23.30051,21.0,1.32,44668359.0,
SMDG 0339260-234204,83.3,Needs Review,Eridanus,32,54.85834,-23.70116,21.0,0.86,6918309.0,
SMDG 0339319-231306,83.3,Needs Review,Eridanus,32,54.88274,-23.21826,21.0,0.76,4786301.0,
SMDG 0340559-235101,83.3,Needs Review,Eridanus,32,55.23296,-23.85031,21.0,0.81,7244359.0,
SMDG 0341202-231539,83.3,Needs Review,Eridanus,32,55.33436,-23.26092,21.0,0.75,18620871.0,
SMDG 0341326-231108,83.3,Needs Review,Eridanus,32,55.38587,-23.1856,21.0,1.18,6456542.0,
SMDG 0341331-230852,83.3,Needs Review,Eridanus,32,55.38812,-23.14772,21.0,0.69,1698244.0,
SMDG 0342478-234626,83.3,Needs Review,Eridanus,32,55.69903,-23.7739,21.0,1.02,13182567.0,
SMDG 0342509-235621,83.3,Needs Review,Eridanus,32,55.7121,-23.9393,21.0,0.57,3388441.0,
SMDG 0345106-232201,83.3,Needs Review,Eridanus,32,56.29428,-23.36689,21.0,0.83,6918309.0,
WALLABY J033402-205037,83.3,Needs Review,Eridanus,32,53.508,-20.845,25.2,1.9,22387211.4,
J032705-211110-UDG,83.3,Needs Review,Eridanus,44,51.78,-21.184,157.0,5.9,380000000.0,
WALLABY J032705-211110-UDG,83.3,Needs Review,Eridanus,44,51.78,-21.184,157.0,5.9,380189396.0,
SMDG0333094-280938,83.3,Needs Review,Fornax,-1,53.2891,-28.1606,55.0,1.65,104712854.8,
FCC 240,83.3,Needs Review,Fornax,32,55.1138,-31.6861,20.0,1.0,80000000.0,
SMDG 0335006-240205,83.3,Needs Review,Fornax,32,53.75237,-24.03474,21.0,1.05,20417379.0,
SMDG 0335396-240610,83.3,Needs Review,Fornax,32,53.9149,-24.10278,21.0,1.01,4265795.0,
SMDG 0335557-240456,83.3,Needs Review,Fornax,32,53.98221,-24.08214,21.0,0.76,20417379.0,
SMDG 0336515-242027,83.3,Needs Review,Fornax,32,54.21476,-24.34079,21.0,0.91,28183829.0,
SMDG 0337349-241754,83.3,Needs Review,Fornax,32,54.39532,-24.2984,21.0,1.15,8912509.0,
AGC 749251,83.3,Needs Review,Gemini,-1,113.7513,26.6589,106.0,3.01,114800000.0,
SMDG0728567+293658,83.3,Needs Review,Gemini,-1,112.23625,29.61611111,70.0,3.14,190546072.0,
SMDG0740191+232853,83.3,Needs Review,Gemini,-1,115.0795833,23.48138889,77.0,2.62,117489755.0,
NGC 7531-UCD1,83.3,Needs Review,Grus,-1,348.6439,-43.6044,22.2,0.014,3700000.0,
SMDG1756253+331055,83.3,Needs Review,Hercules,-1,269.105,33.182,67.0,4.3,158000000.0,
AGC198540,83.3,Needs Review,Hydra,-1,141.308,3.313,63.3,2.0,140000000.0,
J093302-233940,83.3,Needs Review,Hydra,-1,143.27,-23.668,143.8,4.3,724000000.0,
J102132-213357,83.3,Needs Review,Hydra,-1,155.396,-21.575,45.8,1.6,56200000.0,
NGC 2708-Dw1,83.3,Needs Review,Hydra,-1,134.0529167,-3.4207778,40.6,2.6,31600000.0,
SMDG0856308-033623,83.3,Needs Review,Hydra,-1,134.13,-3.61,81.78,2.14,39800000.0,
UDG22,83.3,Needs Review,Hydra,-1,158.670708,-27.700908,74.0,3.6,36000000.0,
KK 208,83.3,Needs Review,Hydra,11,204.1479167,-29.5708333,5.01,4.385,512861383.99,
AGC 191708,83.3,Needs Review,Hydra,15,145.1132,0.0442,29.3,2.38,93325430.1,
J103508-283427,83.3,Needs Review,Hydra,38,158.785,-28.585,47.4,6.1,100000000.0,
UDG 14,83.3,Needs Review,Hydra,38,159.000949,-27.544729,51.0,1.83,11000000.0,
UDG 18,83.3,Needs Review,Hydra,38,159.070083,-27.338011,51.0,1.64,9000000.0,
UDG 19,83.3,Needs Review,Hydra,38,159.010682,-27.29,51.0,1.98,10000000.0,
UDG 2,83.3,Needs Review,Hydra,38,159.395375,-27.174983,51.0,1.55,55000000.0,
UDG 3,83.3,Needs Review,Hydra,38,159.2442916667,-27.1361694444,50.0,1.88,110000000.0,
UDG 32,83.3,Needs Review,Hydra,38,159.2675,-27.714978,51.0,3.8,67000000.0,
UDG 5,83.3,Needs Review,Hydra,38,159.032,-27.317572,51.0,1.42,116000000.0,
UDG 6,83.3,Needs Review,Hydra,38,159.14917,-27.3267,51.0,1.37,18000000.0,
UDG 7,83.3,Needs Review,Hydra,38,159.1548333333,-27.381925,50.0,1.66,22800000.0,
UDG-1,83.3,Needs Review,Hydra,38,159.4755,-27.160417,51.0,1.75,112000000.0,
UDG10,83.3,Needs Review,Hydra,38,158.863833,-27.551072,51.0,2.29,26000000.0,
UDG11,83.3,Needs Review,Hydra,38,158.748125,-27.4272083333,51.0,1.66,141000000.0,
UDG12,83.3,Needs Review,Hydra,38,159.189792,-27.803536,51.0,1.64,125000000.0,
UDG13,83.3,Needs Review,Hydra,38,159.060375,-27.507389,51.0,1.6,20000000.0,
UDG15,83.3,Needs Review,Hydra,38,159.010625,-27.605436,51.0,1.51,6000000.0,
UDG16,83.3,Needs Review,Hydra,38,159.105417,-27.237428,51.0,1.75,11000000.0,
UDG17,83.3,Needs Review,Hydra,38,159.173833,-27.277078,51.0,1.5,120000000.0,
UDG20,83.3,Needs Review,Hydra,38,159.518458,-27.497272,51.0,1.97,14000000.0,
UDG21,83.3,Needs Review,Hydra,38,159.225708,-27.615297,51.0,1.5,11000000.0,
UDG23,83.3,Needs Review,Hydra,38,158.865417,-27.771272,51.0,2.47,34000000.0,
UDG4,83.3,Needs Review,Hydra,38,159.261,-27.204169,51.0,2.64,907000000.0,
UDG8,83.3,Needs Review,Hydra,38,159.560792,-27.407519,51.0,1.4,71000000.0,
UDG9,83.3,Needs Review,Hydra,38,159.3452083333,-27.6007777778,51.0,3.46,262000000.0,
UDG-1A,83.3,Needs Review,Hydra,76,139.688833,0.400389,75.0,2.1,79400000.0,
UDG-3A,83.3,Needs Review,Hydra,76,139.9815,1.123269,75.0,1.6,50100000.0,
UDG-4A,83.3,Needs Review,Hydra,76,139.730875,1.751581,75.0,3.3,63100000.0,
UDG-5A,83.3,Needs Review,Hydra,76,139.996667,0.814619,75.0,2.9,39800000.0,
WALLABY J104513-262755-UDG-1,83.3,Needs Review,Hydra,77,161.333,-26.488,61.9,2.8,117489755.0,
WALLABY J104513-262755-UDG-2,83.3,Needs Review,Hydra,77,161.346,-26.5,61.9,2.2,14454397.7,
J205043-531619,83.3,Needs Review,Indus,-1,312.678,-53.274,101.3,4.2,174000000.0,
AHCJ220743.8+414343,83.3,Needs Review,Lacerta,-1,331.9325,41.72861,78.0,1.9,324000000.0,
AHCJ224941.0+394852,83.3,Needs Review,Lacerta,-1,342.42083,39.81444,69.0,3.0,347000000.0,
UGC 12005,83.3,Needs Review,Lacerta,-1,335.62583,36.00972,73.0,9.0,4900000000.0,
AHCJ2207+4008,83.3,Needs Review,Lacerta,24,331.75,40.1333,56.0,9.6,2880000000.0,
AHCJ220741.6+400853,83.3,Needs Review,Lacerta,24,331.9225,40.147778,56.0,9.6,2884000000.0,
AHCJ221640.4+402424,83.3,Needs Review,Lacerta,24,334.1675,40.406111,55.0,4.7,426600000.0,
AHCJ223902.0+383211,83.3,Needs Review,Lacerta,24,339.76,38.533889,53.0,4.6,245500000.0,
AHCJ221800.3+405946,83.3,Needs Review,Lacerta,26,334.50125,40.99611,50.0,1.7,389000000.0,
AHCJ223258.7+393853,83.3,Needs Review,Lacerta,26,338.24458,39.64806,47.0,3.5,603000000.0,
UGC 12027,83.3,Needs Review,Lacerta,26,336.0275,41.25222,48.0,3.4,1020000000.0,
AGC 198457,83.3,Needs Review,Leo,-1,148.25,7.2561111,97.0,4.35,114815362.0,
AGC 215226,83.3,Needs Review,Leo,-1,175.8833333,15.0425,45.0,1.92,41686938.0,
AGC 219242,83.3,Needs Review,Leo,-1,172.4125,7.7933333,94.1,4.28,218776162.0,
AGC 219533,83.3,Needs Review,Leo,-1,174.9867,16.7214,96.0,3.75,109600000.0,
AGC 749223,83.3,Needs Review,Leo,-1,178.6875,26.005,45.0,2.18,9549920.0,
Abell 1177,83.3,Needs Review,Leo,-1,167.4296,21.762,136.7,1.45,77625000.0,
MATLAS-951,83.3,Needs Review,Leo,-1,170.132625,3.233222,26.3,2.62,177827941.0,
TTT-d1,83.3,Needs Review,Leo,-1,159.9969,20.8164,204.1,5.77,211000000.0,
UDG 28,83.3,Needs Review,Leo,-1,166.879,16.755,120.0,3.4,794328234.7242821,
NGC 3521sat,83.3,Needs Review,Leo,11,166.4195833,0.1208333,10.7,4.065,416869383.88,
UDG1137+16,83.3,Needs Review,Leo,11,174.441667,15.519167,21.1,3.3,140000000.0,
dw1046+1244,83.3,Needs Review,Leo,11,161.6915,12.7499,10.2,0.21,230000.0,
dw1055+11,83.3,Needs Review,Leo,11,163.9291667,11.9680556,10.4,1.778,34000000.0,
dw1117+15,83.3,Needs Review,Leo,11,169.2583333,15.1713889,10.4,2.042,21500000.0,
AGC 201993,83.3,Needs Review,Leo,15,153.9986,6.8042,25.8,2.17,41686938.3,
AGC 202262,83.3,Needs Review,Leo,15,159.3708333,12.3961111,22.0,1.99,19498446.0,
AGC 729579,83.3,Needs Review,Leo,15,171.0708333,25.7105556,25.4,1.86,10471285.0,
KKH 65,83.3,Needs Review,Leo Minor,15,162.9966667,28.3625,25.2,2.4,90000000.0,
J145109-214730,83.3,Needs Review,Libra,-1,222.804,-21.805,48.8,2.4,63100000.0,
J144813-202638,83.3,Needs Review,Libra,42,222.058,-20.443,58.3,1.9,69200000.0,
WALLABY J144813-202638,83.3,Needs Review,Libra,42,222.058,-20.443,58.3,1.9,69183097.1,
SMDG0711577+584016,83.3,Needs Review,Lynx,-1,107.99,58.67,43.67,2.24,148000000.0,
SMDG0832245+541026,83.3,Needs Review,Lynx,-1,128.1,54.17,134.6,5.46,741000000.0,
SMDG0850389+331004,83.3,Needs Review,Lynx,-1,132.66,33.17,115.8,3.16,107000000.0,
KK 69,83.3,Needs Review,Lynx,54,133.21125,33.7977778,9.16,1.87,18620871.37,
NGC 2683-DGSAT-1,83.3,Needs Review,Lynx,54,133.19917,33.79253,10.2,4.1,234500000.0,
SMDG0455129-031122,83.3,Needs Review,Orion,-1,73.804,-3.189,58.9,2.1,126000000.0,
AGC 312297,83.3,Needs Review,Pegasus,-1,328.2307,13.5611,27.2,1.78,25118864.3,
AGC 321194,83.3,Needs Review,Pegasus,-1,344.2666667,25.725,16.5,1.54,57543994.0,
AGC 334315,83.3,Needs Review,Pegasus,-1,350.0492,22.4019,73.0,6.32,85110000.0,
AGC 748738,83.3,Needs Review,Pegasus,-1,346.2167,14.0181,56.0,1.9,77620000.0,
H95F,83.3,Needs Review,Pegasus,-1,349.8708333,9.5586111,162.2,3.41,182000000.0,
SMDG2239446+180218,83.3,Needs Review,Pegasus,-1,339.936,18.038,96.6,4.4,251000000.0,
SMDG2241452+222153,83.3,Needs Review,Pegasus,-1,340.438,22.365,106.1,3.8,200000000.0,
SMDG2323184+172116,83.3,Needs Review,Pegasus,-1,350.827,17.354,171.5,5.9,1580000000.0,
SMDG2359282+150125,83.3,Needs Review,Pegasus,-1,359.868,15.024,23.6,1.9,39800000.0,
000306+161829,83.3,Needs Review,Pegasus,7,0.7791,16.3083,16.0,1.34,30100000.0,
000844+143529,83.3,Needs Review,Pegasus,7,2.1856,14.5916,14.9,0.99,112000000.0,
NGC 7814-DGSAT-7,83.3,Needs Review,Pegasus,7,0.18333,15.45425,16.0,1.49,14400000.0,
18,83.3,Needs Review,Perseus,0,49.451417,41.310806,72.3,2.0,9000000.0,
19,83.3,Needs Review,Perseus,0,49.471542,41.325528,72.3,1.4,10000000.0,
22,83.3,Needs Review,Perseus,0,49.523125,41.461778,72.3,2.1,36000000.0,
23,83.3,Needs Review,Perseus,0,49.539792,41.342639,72.3,1.0,131825674.0,
24,83.3,Needs Review,Perseus,0,49.5545,41.535639,72.3,1.3,169824365.0,
25,83.3,Needs Review,Perseus,0,49.564333,41.476444,72.3,0.9,91201084.0,
26,83.3,Needs Review,Perseus,0,49.58125,41.323556,72.3,2.3,218776162.0,
27,83.3,Needs Review,Perseus,0,49.586625,41.758139,72.3,2.3,484000000.0,
28,83.3,Needs Review,Perseus,0,49.59025,41.757667,72.3,1.8,141000000.0,
32,83.3,Needs Review,Perseus,0,49.601917,41.307889,72.3,1.5,67000000.0,
33,83.3,Needs Review,Perseus,0,49.60775,41.68525,72.3,1.5,136000000.0,
34,83.3,Needs Review,Perseus,0,49.612167,41.235972,72.3,0.8,78000000.0,
35,83.3,Needs Review,Perseus,0,49.617417,41.663472,72.3,1.9,46000000.0,
36,83.3,Needs Review,Perseus,0,49.621625,41.694139,72.3,1.4,33000000.0,
37,83.3,Needs Review,Perseus,0,49.6265,41.374944,72.3,0.8,40000000.0,
38,83.3,Needs Review,Perseus,0,49.633792,41.464306,72.3,0.9,32000000.0,
40,83.3,Needs Review,Perseus,0,49.638542,41.68225,72.3,1.3,79432823.0,
41,83.3,Needs Review,Perseus,0,49.639875,41.699528,72.3,1.0,33000000.0,
43,83.3,Needs Review,Perseus,0,49.644042,41.405167,72.3,1.3,55000000.0,
45,83.3,Needs Review,Perseus,0,49.650583,41.3665,72.3,2.2,436000000.0,
47,83.3,Needs Review,Perseus,0,49.662333,41.501889,72.3,1.5,8000000.0,
48,83.3,Needs Review,Perseus,0,49.664708,41.658444,72.3,1.0,11000000.0,
49,83.3,Needs Review,Perseus,0,49.666,41.649556,72.3,1.9,63000000.0,
50,83.3,Needs Review,Perseus,0,49.666333,41.335833,72.3,1.5,12000000.0,
51,83.3,Needs Review,Perseus,0,49.672417,41.567028,72.3,1.5,39000000.0,
52,83.3,Needs Review,Perseus,0,49.6775,41.6425,72.3,0.9,141000000.0,
53,83.3,Needs Review,Perseus,0,49.686042,41.568806,72.3,1.2,113000000.0,
54,83.3,Needs Review,Perseus,0,49.687292,41.405667,72.3,1.1,88000000.0,
55,83.3,Needs Review,Perseus,0,49.692333,41.410306,72.3,2.4,22000000.0,
56,83.3,Needs Review,Perseus,0,49.700083,41.233994,72.3,2.3,56000000.0,
65,83.3,Needs Review,Perseus,0,49.782375,41.453361,72.3,0.7,90000000.0,
69,83.3,Needs Review,Perseus,0,49.815417,41.509611,72.3,0.8,18620871.7,
74,83.3,Needs Review,Perseus,0,49.841417,41.45625,72.3,1.7,785000000.0,
77,83.3,Needs Review,Perseus,0,49.8865,41.603556,72.3,1.4,69183097.1,
82,83.3,Needs Review,Perseus,0,49.94025,41.468694,72.3,2.0,5754399373.0,
84,83.3,Needs Review,Perseus,0,49.957083,41.7285,72.3,0.9,220000000.0,
85,83.3,Needs Review,Perseus,0,49.958875,41.415639,72.3,1.3,15135600.0,
86,83.3,Needs Review,Perseus,0,49.960667,41.259278,72.3,0.7,2454708915.0,
89,83.3,Needs Review,Perseus,0,50.000833,41.28475,72.3,1.4,31622800.0,
H332,83.3,Needs Review,Perseus,0,49.95743,41.66925,75.0,1.86,560000000.0,
H410,83.3,Needs Review,Perseus,0,50.1339,41.1985,75.0,1.88,710000000.0,
H586,83.3,Needs Review,Perseus,0,50.61892,41.53714,75.0,2.03,820000000.0,
H629,83.3,Needs Review,Perseus,0,50.74297,41.53384,75.0,1.72,270000000.0,
H662,83.3,Needs Review,Perseus,0,50.92158,41.57217,75.0,2.52,1280000000.0,
PUDG-R24,83.3,Needs Review,Perseus,0,49.648,41.809,75.0,3.2,391000000.0,
PUDG-R27,83.3,Needs Review,Perseus,0,49.93116,41.71326,75.0,2.1,484000000.0,
PUDG_R15,83.3,Needs Review,Perseus,0,49.26584,41.24856,75.0,2.4,259000000.0,
PUDG_R16,83.3,Needs Review,Perseus,0,49.652,41.192,75.0,4.2,575000000.0,
PUDG_R84,83.3,Needs Review,Perseus,0,49.35375,41.73929,75.0,2.0,220000000.0,
PUDG_S74,83.3,Needs Review,Perseus,0,49.29835,41.16787,75.0,3.5,785000000.0,
W1,83.3,Needs Review,Perseus,0,49.25156,41.32243,75.0,2.33,670000000.0,
AGC 102276,83.3,Needs Review,Pisces,-1,12.4666667,25.9441667,69.6,4.05,223872114.0,
AGC334349,83.3,Needs Review,Pisces,-1,345.277,1.998,51.1,1.9,82000000.0,
SMDG0015089-031837,83.3,Needs Review,Pisces,-1,3.787,-3.31,85.5,4.7,158000000.0,
SMDG0015208+200027,83.3,Needs Review,Pisces,-1,3.837,20.008,31.3,1.4,39800000.0,
SMDG0050362+322104,83.3,Needs Review,Pisces,-1,12.65083333,32.35111111,66.0,4.74,630957344.0,
SMDG0102539+305357,83.3,Needs Review,Pisces,-1,15.725,30.899,56.6,2.2,126000000.0,
SMDG2337078+001240,83.3,Needs Review,Pisces,-1,354.283,0.211,34.9,1.7,100000000.0,
SMDG2338066+003203,83.3,Needs Review,Pisces,-1,354.528,0.534,137.7,5.3,501000000.0,
dw0122+1735,83.3,Needs Review,Pisces,-1,20.4941,17.5761,38.4,1.9,36307805.0,
AGC 113816,83.3,Needs Review,Pisces,1,19.6958333,24.4538889,68.7,3.25,104712855.0,
AGC334353,83.3,Needs Review,Pisces,9,345.863,1.704,71.4,2.5,120000000.0,
DGSAT II,83.3,Needs Review,Pisces,10,23.82,14.82,13.0,2.0,100000000.0,
DGSAT III,83.3,Needs Review,Pisces,10,23.85,14.85,13.0,1.8,80000000.0,
DGSAT IV,83.3,Needs Review,Pisces,10,23.88,14.88,13.0,2.2,120000000.0,
DGSAT IX,83.3,Needs Review,Pisces,10,24.03,15.03,13.0,1.7,70000000.0,
DGSAT V,83.3,Needs Review,Pisces,10,23.91,14.91,13.0,1.9,90000000.0,
DGSAT VI,83.3,Needs Review,Pisces,10,23.94,14.94,13.0,2.1,110000000.0,
DGSAT VII,83.3,Needs Review,Pisces,10,23.97,14.97,13.0,2.3,130000000.0,
DGSAT VIII,83.3,Needs Review,Pisces,10,24.0,15.0,13.0,2.0,100000000.0,
DGSAT X,83.3,Needs Review,Pisces,10,24.06,15.06,13.0,2.4,140000000.0,
DGSAT XI,83.3,Needs Review,Pisces,10,24.09,15.09,13.0,1.6,60000000.0,
DGSAT XII,83.3,Needs Review,Pisces,10,24.12,15.12,13.0,2.6,160000000.0,
DGSAT XIII,83.3,Needs Review,Pisces,10,24.15,15.15,13.0,1.4,50000000.0,
DGSAT XIV,83.3,Needs Review,Pisces,10,24.18,15.18,13.0,2.8,180000000.0,
DGSAT XIX,83.3,Needs Review,Pisces,10,24.33,15.33,13.0,0.8,20000000.0,
DGSAT XV,83.3,Needs Review,Pisces,10,24.21,15.21,13.0,1.2,40000000.0,
DGSAT XVI,83.3,Needs Review,Pisces,10,24.24,15.24,13.0,3.0,200000000.0,
DGSAT XVII,83.3,Needs Review,Pisces,10,24.27,15.27,13.0,1.0,30000000.0,
DGSAT XVIII,83.3,Needs Review,Pisces,10,24.3,15.3,13.0,3.2,220000000.0,
DGSAT XX,83.3,Needs Review,Pisces,10,24.36,15.36,13.0,3.4,240000000.0,
SMDG0136469+034323,83.3,Needs Review,Pisces,10,24.195,3.723,22.5,1.5,15800000.0,
AGC 100288,83.3,Needs Review,Pisces,12,7.9387,2.7161,32.9,2.38,64565422.9,
AGC 102375,83.3,Needs Review,Pisces,12,3.7491,2.58,35.8,1.45,42657951.9,
AGC103435,83.3,Needs Review,Pisces,12,3.838,1.075,28.5,1.8,14000000.0,
AGC 114959,83.3,Needs Review,Pisces,13,22.8283,11.715,34.6,1.47,26302679.9,
SMDG0122562+084025,83.3,Needs Review,Pisces,13,20.734,8.674,33.5,1.4,63100000.0,
UVIT J202258.73-441623.8,83.3,Needs Review,Sagittarius,-1,305.744708,-44.273278,41.86,7.57,872000000.0,
Sag dSph,83.3,Needs Review,Sagittarius,11,283.7629167,-30.4783333,0.02,2.585,104712854.75,
1249,83.3,Needs Review,Sculptor,-1,3.5816,-30.41289,37.2,2.94,60255960.0,
MATLAS-2103,83.3,Needs Review,Serpens,-1,239.08371,6.188222,35.8,2.62,162181000.0,
AGC 258471,83.3,Needs Review,Serpens,19,230.6593,5.8299,28.9,1.77,6606934.5,
UDG 25,83.3,Needs Review,Sextans,-1,149.448,4.521,99.4,3.1,794328234.7242821,
MATLAS-585,83.3,Needs Review,Sextans,15,146.4546255,-0.54775,27.0,1.51,33884415.6,
Zangetsu,83.3,Needs Review,Sextans,15,149.8226,1.7285,25.4,1.38,1350000000.0,
122966,83.3,Needs Review,Triangulum,-1,32.3708333,31.8527778,90.0,5.1,53700000.0,
SMDG0134058+320619,83.3,Needs Review,Triangulum,-1,23.52,32.11,88.57,3.32,138000000.0,
SMDG0214097+283647,83.3,Needs Review,Triangulum,-1,33.54041667,28.61305556,41.0,1.76,83176377.1,
d0226+3325,83.3,Needs Review,Triangulum,29,36.72,33.4269444,9.5,2.46,21877616.22,
J010649-601631,83.3,Needs Review,Tucana,-1,16.708,-60.276,71.4,3.0,107000000.0,
SMDG0905069+530547,83.3,Needs Review,Ursa Major,-1,136.28,53.1,61.67,2.5,66100000.0,
SMDG0910265+553452,83.3,Needs Review,Ursa Major,-1,137.61,55.58,184.37,5.53,501000000.0,
UDG 24,83.3,Needs Review,Ursa Major,-1,176.358,32.252,97.2,3.3,501187233.6272722,
UDG 26,83.3,Needs Review,Ursa Major,-1,177.31,36.763,98.4,4.6,630957344.4801933,
UGCA 363,83.3,Needs Review,Ursa Major,-1,203.41292,60.38722,32.0,2.9,275000000.0,
F8D1,83.3,Needs Review,Ursa Major,11,146.194166667,67.438583333,3.8,1.84,131000000.0,
GARLAND,83.3,Needs Review,Ursa Major,11,150.925,68.6933333,3.82,2.305,6456542.29,
IKN,83.3,Needs Review,Ursa Major,11,152.0245833,68.3991667,3.75,1.575,39810717.06,
KK 77,83.3,Needs Review,Ursa Major,11,147.5416667,67.5066667,3.8,1.575,69183097.07,
M101,83.3,Needs Review,Ursa Major,11,210.8025,54.3494,6.4,3.6,49300000.0,
AHCJ1308+5437,83.3,Needs Review,Ursa Major,21,197.0,54.6167,42.0,4.8,575400000.0,
AHCJ130830.2+543756,83.3,Needs Review,Ursa Major,21,197.12583,54.63222,42.0,4.8,575000000.0,
SDSS J130830.62+543757.4,83.3,Needs Review,Ursa Major,21,197.126667,54.633056,42.0,4.8,575400000.0,
CGCG 290-011,83.3,Needs Review,Ursa Major,28,152.60375,58.475,35.0,1.2,407000000.0,
UGC 5480,83.3,Needs Review,Ursa Major,28,152.55667,58.48861,35.0,2.7,692000000.0,
UGC 5541,83.3,Needs Review,Ursa Major,28,154.23,58.38972,37.0,3.6,457000000.0,
NGC 5631-Dw1,83.3,Needs Review,Ursa Major,56,216.5566667,56.5306111,28.4,2.2,2510000.0,
NGC 3625-DGSAT-2,83.3,Needs Review,Ursa Major,57,170.34542,57.58058,37.3,1.54,18000000.0,
NGC 3669-DGSAT-2,83.3,Needs Review,Ursa Major,63,171.20125,57.63278,43.1,1.86,31400000.0,
39,83.3,Needs Review,Virgo,-1,180.11,3.35,72.3,0.8,119000000.0,
46,83.3,Needs Review,Virgo,-1,213.6,-0.38,72.3,0.8,41686938.0,
AGC 223141,83.3,Needs Review,Virgo,-1,190.3,10.9327778,97.2,5.67,218776162.0,
AGC 238764,83.3,Needs Review,Virgo,-1,204.9063,6.9961,104.0,3.34,114800000.0,
J125311+032639,83.3,Needs Review,Virgo,-1,193.296,3.442,40.2,3.1,95500000.0,
J131845-153954,83.3,Needs Review,Virgo,-1,199.69,-15.665,94.1,7.9,234000000.0,
J133424-141834,83.3,Needs Review,Virgo,-1,203.601,-14.311,96.5,3.5,245000000.0,
MATLAS-1794,83.3,Needs Review,Virgo,-1,213.46929,-3.055861,29.0,1.23,25118864.3,
MATLAS-2019,83.3,Needs Review,Virgo,-1,226.33404,1.81248,20.0,1.67,86000000.0,
SECCO-dI-1,83.3,Needs Review,Virgo,-1,178.99375,0.0434166667,112.0,2.6,10000000.0,
AGC 242019,83.3,Needs Review,Virgo,11,218.4724,1.4868,12.5,1.5,137000000.0,
J123308-003203,83.3,Needs Review,Virgo,11,188.283,-0.533,10.4,1.8,51300000.0,
J125603+045202,83.3,Needs Review,Virgo,11,194.014,4.867,19.7,1.4,30200000.0,
J125956-192430,83.3,Needs Review,Virgo,11,194.983,-19.408,7.3,1.3,6310000.0,
KK176,83.3,Needs Review,Virgo,11,194.9845833,-19.4133333,7.3,1.3,6309573.445,
KiDS_UDG_NGC5576_191.84_1.40,83.3,Needs Review,Virgo,11,191.8478,-1.4049,22.5,1.896,21379621.0,
NGVS 3543,83.3,Needs Review,Virgo,11,191.673875,10.386222,16.5,1.79,12600000.0,
NGVSJ12:18:05.98+07:38:02.6,83.3,Needs Review,Virgo,11,184.525,7.634,16.5,1.79,5000000.0,
NGVSJ12:20:11.38+11:53:56.5,83.3,Needs Review,Virgo,11,185.047,11.899,16.5,1.94,5900000.0,
NGVSJ12:22:03.58+11:43:17.5,83.3,Needs Review,Virgo,11,185.515,11.722,16.5,1.79,27900000.0,
NGVSJ12:26:37.41+09:44:32.0,83.3,Needs Review,Virgo,11,186.656,9.742,16.5,1.21,2500000.0,
NGVSJ12:28:37.88+12:51:42.0,83.3,Needs Review,Virgo,11,187.158,12.862,16.5,2.49,6000000.0,
NGVSJ12:30:08.68+09:42:56.2,83.3,Needs Review,Virgo,11,187.536,9.716,16.5,3.73,286000000.0,
NGVSJ12:30:12.55+09:42:56.3,83.3,Needs Review,Virgo,11,187.552,9.716,16.5,1.49,44700000.0,
NGVSJ12:30:37.30+10:20:53.0,83.3,Needs Review,Virgo,11,187.655,10.348,16.5,4.18,55400000.0,
NGVSJ12:31:48.01+12:21:33.1,83.3,Needs Review,Virgo,11,187.95,12.359,16.5,2.77,3300000.0,
NGVSJ12:32:15.43+11:23:52.6,83.3,Needs Review,Virgo,11,188.064,11.398,16.5,1.61,8900000.0,
NGVSJ12:32:22.52+12:19:32.1,83.3,Needs Review,Virgo,11,188.094,12.326,16.5,5.15,43700000.0,
NGVSJ12:33:51.04+09:04:46.7,83.3,Needs Review,Virgo,11,188.463,9.08,16.5,1.28,3300000.0,
VCC 1421,83.3,Needs Review,Virgo,11,188.054,9.316,16.5,2.18,35200000.0,
VCC 1528,83.3,Needs Review,Virgo,11,187.8,12.9,16.5,3.5,120000000.0,
VCC 1551,83.3,Needs Review,Virgo,11,188.565,11.467,16.5,2.02,33900000.0,
VCC 1661,83.3,Needs Review,Virgo,11,187.705,12.346,16.5,3.2,100000000.0,
VCC 169,83.3,Needs Review,Virgo,11,183.982,9.651,16.5,2.51,22900000.0,
VCC 1779,83.3,Needs Review,Virgo,11,187.5,13.0,16.5,3.8,180000000.0,
VCC 1861,83.3,Needs Review,Virgo,11,189.2,12.7,16.5,3.0,90000000.0,
VCC 1964,83.3,Needs Review,Virgo,11,190.8242917,8.9147222,17.0,1.41,20000000.0,
VCC 2008,83.3,Needs Review,Virgo,11,190.0,13.0,16.5,3.8,110000000.0,
VCC 2050,83.3,Needs Review,Virgo,11,190.5,12.5,16.5,2.5,70000000.0,
VCC 2092,83.3,Needs Review,Virgo,11,191.0,13.2,16.5,4.2,180000000.0,
VCC 2140,83.3,Needs Review,Virgo,11,191.5,12.8,16.5,3.1,100000000.0,
VCC 217,83.3,Needs Review,Virgo,11,184.267,10.006,16.5,2.91,78800000.0,
VCC 487,83.3,Needs Review,Virgo,11,185.41,6.283,16.5,1.69,12700000.0,
VCC 707,83.3,Needs Review,Virgo,11,186.054,11.762,16.5,1.79,71600000.0,
VCC 950,83.3,Needs Review,Virgo,11,186.712,11.558,16.5,2.39,123000000.0,
VCC1448,83.3,Needs Review,Virgo,11,187.456,12.123,16.5,3.5,2600000000.0,
VCC1884,83.3,Needs Review,Virgo,11,190.414,9.208,16.5,3.1,109600000.0,
MATLAS-1957,83.3,Needs Review,Virgo,19,225.47796,1.625833,31.3,1.14,100000000.0,
J131132-144033,83.3,Needs Review,Virgo,39,197.884,-14.676,35.3,2.3,95500000.0,
WALLABY J131132-144033,83.3,Needs Review,Virgo,39,197.884,-14.676,35.3,2.3,95499258.6,
J131403-120644,83.3,Needs Review,Virgo,40,198.517,-12.113,95.8,5.4,549500000.0,
WALLABY J131403-120644,83.3,Needs Review,Virgo,40,198.517,-12.113,95.8,5.4,549540874.0,
J132030-202723,83.3,Needs Review,Virgo,41,200.128,-20.457,23.3,1.3,29500000.0,
J134247-193454,83.3,Needs Review,Virgo,41,205.696,-19.582,20.2,1.4,20900000.0,
KiDS_UDG_NGC4073_181.03_1.32,83.3,Needs Review,Virgo,49,181.0329,1.3216,87.5,1.556,63000000.0,
KiDS_UDG_NGC4073_181.13_1.41,83.3,Needs Review,Virgo,49,181.1397,1.416,87.5,1.804,63000000.0,
UDG-1B,83.3,Needs Review,Virgo,49,181.19275,1.298389,90.0,2.2,100000000.0,
UDG-4B,83.3,Needs Review,Virgo,49,180.654417,1.5075,90.0,3.2,63100000.0,
UDG-5B,83.3,Needs Review,Virgo,49,181.625,1.556319,90.0,2.2,20000000.0,
LSBG-750,83.3,Needs Review,Virgo,55,179.931458,-0.772711,41.3,1.8,23000000.0,
ANTLJ102843-353933,66.7,Needs Review,Antlia,27,157.1791666667,-35.6591666667,35.2,1.81,,
ANTLJ102856-350435.5,66.7,Needs Review,Antlia,27,157.2333333333,-35.0765277778,35.2,1.81,,
ANTLJ102936-352445,66.7,Needs Review,Antlia,27,157.4,-35.4125,35.2,1.81,,
SMDG1337327+090817,66.7,Needs Review,Boötes,11,204.38635,9.13815,14.9,0.58,,
SMDG1337528+085709,66.7,Needs Review,Boötes,11,204.46989,8.95253,14.9,0.39,,
M101-DF4,66.7,Needs Review,Boötes,56,211.88932,54.710178,27.0,3.6,,
UDGC,66.7,Needs Review,Cancer,-1,136.417,25.42891,42.0,6.31,,
SMDG0914401+283036,66.7,Needs Review,Cancer,20,138.66708,28.51,99.0149,2.8,,
Abell 1697,66.7,Needs Review,Canes Venatici,-1,198.269,46.2646,869.2,,13200000000000.0,
SMDG1240530+321655,66.7,Needs Review,Canes Venatici,-1,190.22083,32.281945,105.6269,4.6,,
SMDG1335454+281225,66.7,Needs Review,Canes Venatici,-1,203.93917,28.206944,183.1194,4.0,,
NGC 4258-DF1,66.7,Needs Review,Canes Venatici,11,185.1675,47.0008,15.6,1.2,,
SMDG1214528+474319,66.7,Needs Review,Canes Venatici,11,183.72,47.72185,20.3,0.66,,
SMDG1215038+473833,66.7,Needs Review,Canes Venatici,11,183.7659,47.64263,20.3,2.0,,
SMDG1217358+474748,66.7,Needs Review,Canes Venatici,11,184.39904,47.79678,20.3,0.33,,
SMDG1313187+312453,66.7,Needs Review,Canes Venatici,11,198.32792,31.41472,15.6716,10.61321,,
SMDG1314090+362001,66.7,Needs Review,Canes Venatici,11,198.53739,36.33372,19.1,0.9,,
SMDG1314205+363412,66.7,Needs Review,Canes Venatici,11,198.58532,36.56995,19.1,1.44,,
SOS 61086,66.7,Needs Review,Centaurus,-1,202.875,-31.78,210.0,,4000000000.0,
dw1315-45,66.7,Needs Review,Centaurus,-1,198.983333,-45.750556,50.0,2.3,,
370,66.7,Needs Review,Cetus,-1,39.9821,-1.5958,,3.03,45708800.0,
MGTH_J021534.4-042904,66.7,Needs Review,Cetus,-1,33.89333,-4.484444,381.2,3.08,,
MGTH_J022029.4-041207,66.7,Needs Review,Cetus,-1,35.1225,-4.201944,82.3,2.64,,
MGTH_J022045.0-050058,66.7,Needs Review,Cetus,-1,35.1875,-5.016111,384.1,4.27,,
MGTH_J022056.9-045917,66.7,Needs Review,Cetus,-1,35.23708,-4.988056,345.9,2.29,,
MGTH_J022058.7-051320,66.7,Needs Review,Cetus,-1,35.24458,-5.222222,291.4,1.78,,
MGTH_J022338.7-042431,66.7,Needs Review,Cetus,-1,35.91125,-4.408611,310.5,2.81,,
MGTH_J022357.0-051918,66.7,Needs Review,Cetus,-1,35.9875,-5.321667,347.7,5.99,,
MGTH_J022522.7-045519,66.7,Needs Review,Cetus,-1,36.34458,-4.921944,151.1,4.25,,
SMDG0035569+010149,66.7,Needs Review,Cetus,-1,8.9870833,1.0302778,72.8067,,25118864.3,
SMDG0045200-011839,66.7,Needs Review,Cetus,-1,11.3333333,-1.3108333,77.0895,,25118864.3,
SMDG0108359-002834,66.7,Needs Review,Cetus,-1,17.1495833,-0.4761111,94.2205,,79432823.47,
SMDG0113101-001223,66.7,Needs Review,Cetus,-1,18.2920833,-0.2063889,85.655,,25118864.3,
UDG-R1,66.7,Needs Review,Cetus,-1,9.974,0.808,,1.4,10000000.0,
UDG-R2,66.7,Needs Review,Cetus,-1,50.196,-1.014,,1.8,20000000.0,
UDG-R3,66.7,Needs Review,Cetus,-1,9.91,0.985,,1.5,40000000.0,
UDG-R4,66.7,Needs Review,Cetus,-1,9.769,1.099,,1.8,40000000.0,
261,66.7,Needs Review,Cetus,6,31.59058,-6.39757,65.0,1.803,,
265,66.7,Needs Review,Cetus,6,32.27289,-6.30735,65.0,1.699,,
307,66.7,Needs Review,Cetus,6,33.81903,-6.42413,65.0,1.106,,
309,66.7,Needs Review,Cetus,6,34.17093,-3.51542,65.0,1.383,,
315,66.7,Needs Review,Cetus,6,34.27163,-3.56117,65.0,0.986,,
321,66.7,Needs Review,Cetus,6,35.34326,-5.42328,65.0,1.238,,
334,66.7,Needs Review,Cetus,6,36.33909,-5.5587,65.0,1.226,,
337,66.7,Needs Review,Cetus,6,36.3633,-4.96164,65.0,1.015,,
LSBG 242,66.7,Needs Review,Cetus,6,30.34874,-6.82286,65.0,2.193,,
LSBG 327,66.7,Needs Review,Cetus,6,35.36102,-5.43343,65.0,1.494,,
LSBG 328,66.7,Needs Review,Cetus,6,35.44907,-5.65036,65.0,1.286,,
LSBG 330,66.7,Needs Review,Cetus,6,35.51138,-2.65082,65.0,0.961,,
LSBG 338,66.7,Needs Review,Cetus,6,36.37673,-5.04815,65.0,1.254,,
LSBG 342,66.7,Needs Review,Cetus,6,36.52391,-5.25631,65.0,1.182,,
317,66.7,Needs Review,Cetus,8,34.64441,-6.20896,103.0,1.2852,,
MGTH_J021808.2-045217,66.7,Needs Review,Cetus,8,34.5342,-4.8714,104.0,1.23,,
DF9,66.7,Needs Review,Cetus,10,40.02927,-8.22902,18.7,2.8,,
DFUWS-121,66.7,Needs Review,Cetus,10,35.2008333333,-0.4650472222,16.2,1.71,,
MGTH_J022042.1-052115,66.7,Needs Review,Cetus,10,35.1754,-5.3542,30.1,0.72,,
MGTH_J022138.1-052631,66.7,Needs Review,Cetus,10,35.4088,-5.442,25.9,1.35,,
RCP32,66.7,Needs Review,Cetus,10,40.62034,-8.37512,21.0,1.54,,
SMDG0240406-082308,66.7,Needs Review,Cetus,10,40.16902,-8.38542,13.5,0.29,,
SMDG0240557-082639,66.7,Needs Review,Cetus,10,40.23225,-8.44416,13.5,0.38,,
UDO-NE,66.7,Needs Review,Cetus,10,40.740208,0.105139,15.9,4.5,,
UDO-SE,66.7,Needs Review,Cetus,10,40.752,-0.150028,15.9,2.9,,
UDO-SW,66.7,Needs Review,Cetus,10,40.589875,-0.112556,15.9,5.4,,
Minkowski's Object,66.7,Needs Review,Cetus,37,21.4517,-1.3717,77.0,,19000000.0,
MGTH_J021625.5-044228,66.7,Needs Review,Cetus,58,34.10625,-4.707778,183.9,1.8,,
MGTH_J021642.0-044221,66.7,Needs Review,Cetus,58,34.175,-4.705833,184.0,5.57,,
MGTH_J021818.0-043234,66.7,Needs Review,Cetus,58,34.575,-4.542778,184.9,2.49,,
MGTH_J022026.3-045912,66.7,Needs Review,Cetus,58,35.10958,-4.986667,183.7,2.75,,
MGTH_J022051.9-045832,66.7,Needs Review,Cetus,58,35.21625,-4.975556,189.1,3.34,,
MGTH_J022117.8-045040,66.7,Needs Review,Cetus,58,35.32416,-4.844444,187.8,2.2,,
MGTH_J022332.2-044928,66.7,Needs Review,Cetus,58,35.88416,-4.824444,192.9,5.53,,
MGTH_J022350.6-045045,66.7,Needs Review,Cetus,58,35.96083,-4.845833,190.1,10.79,,
MGTH_J022400.9-044943,66.7,Needs Review,Cetus,58,36.00375,-4.828611,190.1,2.65,,
MGTH_J022429.6-044037,66.7,Needs Review,Cetus,58,36.12333,-4.676944,190.1,6.29,,
MGTH_J021645.4-042035,66.7,Needs Review,Cetus,59,34.18917,-4.343056,389.9,7.61,,
MGTH_J021848.1-045028,66.7,Needs Review,Cetus,59,34.70042,-4.824444,391.0,7.53,,
MGTH_J021724.3-043322,66.7,Needs Review,Cetus,60,34.35125,-4.556111,140.9,1.72,,
MGTH_J021759.3-041634,66.7,Needs Review,Cetus,60,34.497,-4.276,138.6,6.74,,
MGTH_J022011.5-051047,66.7,Needs Review,Cetus,61,35.0479,-5.179722,225.9,1.94,,
MGTH_J022358.3-050756,66.7,Needs Review,Cetus,61,35.9929,-5.132222,227.2,2.67,,
MGTH_J022110.7-050630,66.7,Needs Review,Cetus,62,35.29458,-5.108333,177.9,1.75,,
MGTH_J022443.4-045158,66.7,Needs Review,Cetus,62,36.18083,-4.866111,176.8,2.62,,
SMDG0055526-011739,66.7,Needs Review,Cetus,74,13.9691667,-1.2941667,85.655,,31622776.6,
SMDG0058071-010201,66.7,Needs Review,Cetus,74,14.5295833,-1.0336111,89.9377,,100000000.0,
1256054+273018,66.7,Needs Review,Coma Berenices,-1,194.0225,27.505,168.3582,2.4,,
SMDG1220188+280132,66.7,Needs Review,Coma Berenices,-1,185.07833,28.025556,38.403,2.3,,
SMDG1245277+181801,66.7,Needs Review,Coma Berenices,-1,191.36542,18.300278,27.20896,2.5,,
Yagi771,66.7,Needs Review,Coma Berenices,-1,194.022417,27.505056,160.0,1.6,,
1255567+273017,66.7,Needs Review,Coma Berenices,2,193.98625,27.504722,109.2985,3.0,,
1259153+274514,66.7,Needs Review,Coma Berenices,2,194.81375,27.753889,103.9552,2.1,,
1259239+274726,66.7,Needs Review,Coma Berenices,2,194.84958,27.790556,109.5224,3.0,,
1301053+270935,66.7,Needs Review,Coma Berenices,2,195.27208,27.159722,100.6567,1.6,,
COMA_12_3266,66.7,Needs Review,Coma Berenices,2,195.17593,28.164309,100.0,1.84,,
COMA_12_4296,66.7,Needs Review,Coma Berenices,2,195.2982,28.145302,100.0,2.11,,
COMA_12_5647,66.7,Needs Review,Coma Berenices,2,195.48859,28.138306,100.0,1.73,,
COMA_13_6651,66.7,Needs Review,Coma Berenices,2,195.3371,28.539967,100.0,1.7,,
COMA_14_1859,66.7,Needs Review,Coma Berenices,2,195.21524,28.871029,100.0,2.41,,
COMA_14_3083,66.7,Needs Review,Coma Berenices,2,195.15186,28.930553,100.0,1.91,,
COMA_22_4042,66.7,Needs Review,Coma Berenices,2,194.72652,28.08718,100.0,1.64,,
COMA_22_4410,66.7,Needs Review,Coma Berenices,2,195.06532,28.029459,100.0,1.5,,
COMA_22_4600,66.7,Needs Review,Coma Berenices,2,194.71304,28.13771,100.0,1.58,,
COMA_22_4735,66.7,Needs Review,Coma Berenices,2,194.77484,27.97042,100.0,1.56,,
COMA_22_5227,66.7,Needs Review,Coma Berenices,2,194.9666,27.82323,100.0,1.71,,
COMA_22_6931,66.7,Needs Review,Coma Berenices,2,194.78117,28.13321,100.0,1.73,,
COMA_23_2058,66.7,Needs Review,Coma Berenices,2,194.72876,28.65372,100.0,2.3,,
COMA_23_5706,66.7,Needs Review,Coma Berenices,2,194.8023,28.353645,100.0,1.8,,
COMA_24_3717,66.7,Needs Review,Coma Berenices,2,194.97047,28.7967,100.0,1.5,,
COMA_30_2126,66.7,Needs Review,Coma Berenices,2,194.51813,27.056221,100.0,2.1,,
COMA_30_3930,66.7,Needs Review,Coma Berenices,2,194.60199,26.745077,100.0,1.58,,
COMA_30_4629,66.7,Needs Review,Coma Berenices,2,194.23543,27.045115,100.0,1.48,,
COMA_31_3861,66.7,Needs Review,Coma Berenices,2,194.49976,27.619015,100.0,1.74,,
COMA_31_5314,66.7,Needs Review,Coma Berenices,2,194.59314,27.38581,100.0,1.53,,
COMA_32_3240,66.7,Needs Review,Coma Berenices,2,194.50377,27.88233,100.0,2.08,,
COMA_32_3906,66.7,Needs Review,Coma Berenices,2,194.32854,28.154984,100.0,1.53,,
COMA_32_4544,66.7,Needs Review,Coma Berenices,2,194.46745,28.105352,100.0,1.58,,
COMA_32_6911,66.7,Needs Review,Coma Berenices,2,194.60907,27.867151,100.0,1.55,,
COMA_33_2937,66.7,Needs Review,Coma Berenices,2,194.4494,28.542898,100.0,2.03,,
COMA_34_4521,66.7,Needs Review,Coma Berenices,2,194.25638,28.87275,100.0,1.58,,
COMA_41_3676,66.7,Needs Review,Coma Berenices,2,193.95773,27.398582,100.0,2.04,,
COMA_41_4570,66.7,Needs Review,Coma Berenices,2,193.86931,27.684788,100.0,1.55,,
COMA_42_3597,66.7,Needs Review,Coma Berenices,2,193.80339,27.786472,100.0,1.62,,
DF12,66.7,Needs Review,Coma Berenices,2,195.0379167,28.1408333,100.0,2.6,,
DF15,66.7,Needs Review,Coma Berenices,2,194.5679167,27.8913889,98.5,9.6,,
DF25,66.7,Needs Review,Coma Berenices,2,194.9529167,27.7775,107.8806,4.4,,
DF30,66.7,Needs Review,Coma Berenices,2,193.3129167,27.6875,113.3134,3.2,,
DF32,66.7,Needs Review,Coma Berenices,2,194.1183333,27.6183334,100.0,2.8,,
DF34,66.7,Needs Review,Coma Berenices,2,194.05375,27.5477777,100.0,3.4,,
DF36,66.7,Needs Review,Coma Berenices,2,193.9808333,27.46,111.3582,2.6,,
DF42,66.7,Needs Review,Coma Berenices,2,195.3295833,27.0541667,100.0,2.9,,
DF8,66.7,Needs Review,Coma Berenices,2,195.3766667,28.3744445,109.2388,4.4,,
SMDG1256352+273507,66.7,Needs Review,Coma Berenices,2,194.146665,27.585277,100.0,2.4,,
SMDG1304536+274252,66.7,Needs Review,Coma Berenices,2,196.22333,27.714444,113.7463,4.1,,
Yagi263,66.7,Needs Review,Coma Berenices,2,194.813875,27.754111,100.0,2.04,,
Yagi285,66.7,Needs Review,Coma Berenices,2,194.953,27.7775,100.0,3.88,,
Yagi417,66.7,Needs Review,Coma Berenices,2,195.050417,27.806528,100.0,1.62,,
Yagi762,66.7,Needs Review,Coma Berenices,2,193.980833,27.459972,100.0,1.97,,
Yagi764,66.7,Needs Review,Coma Berenices,2,193.986042,27.504889,100.0,2.44,,
Yagi767,66.7,Needs Review,Coma Berenices,2,193.996458,27.4315,100.0,2.37,,
Yagi776,66.7,Needs Review,Coma Berenices,2,194.058958,27.555472,100.0,2.3,,
Yagi781,66.7,Needs Review,Coma Berenices,2,194.117875,27.603194,100.0,1.64,,
1256142+273321,66.7,Needs Review,Coma Berenices,3,194.05917,27.555833,130.5224,2.5,,
1256352+273507,66.7,Needs Review,Coma Berenices,4,194.14667,27.585278,120.6269,2.4,,
DF40,66.7,Needs Review,Coma Berenices,4,194.5045833,27.1905556,120.403,2.9,,
1300121+274823,66.7,Needs Review,Coma Berenices,5,195.05042,27.806389,138.9104,2.3,,
SMDG1221086+292921,66.7,Needs Review,Coma Berenices,11,185.28583,29.489167,19.6418,1.4,,
SMDG1222096+153910,66.7,Needs Review,Coma Berenices,11,185.53988,15.65282,15.2,1.11,,
SMDG1222537+160000,66.7,Needs Review,Coma Berenices,11,185.72376,16.00001,15.2,0.37,,
SMDG1222554+153335,66.7,Needs Review,Coma Berenices,11,185.73087,15.55973,15.2,0.74,,
SMDG1223051+155555,66.7,Needs Review,Coma Berenices,11,185.77118,15.93186,15.2,0.93,,
SMDG1248031+134329,66.7,Needs Review,Coma Berenices,11,192.01308,13.72468,15.0,1.26,,
SMDG1248294+134819,66.7,Needs Review,Coma Berenices,11,192.12234,13.80532,15.0,0.55,,
SMDG1212080+281630,66.7,Needs Review,Coma Berenices,66,183.03333,28.275,98.0,2.64151,,
SMDG1212084+290349,66.7,Needs Review,Coma Berenices,66,183.035145,29.063514,98.0,2.8975,,
SMDG1212454+273506,66.7,Needs Review,Coma Berenices,66,183.18917,27.585,98.0,2.54717,,
SMDG1213061+294549,66.7,Needs Review,Coma Berenices,66,183.275309,29.76371,98.0,5.035,,
SMDG1213219+293401,66.7,Needs Review,Coma Berenices,66,183.341232,29.56681,98.0,3.04,,
SMDG1213235+264641,66.7,Needs Review,Coma Berenices,66,183.34792,26.77806,98.0,3.01887,,
SMDG1213512+282109,66.7,Needs Review,Coma Berenices,66,183.46333,28.3525,98.0,2.59434,,
SMDG1214010+293203,66.7,Needs Review,Coma Berenices,66,183.50417,29.53417,98.0,2.9717,,
SMDG1214279+294033,66.7,Needs Review,Coma Berenices,66,183.61625,29.67583,98.0,2.87736,,
SMDG1214418+274954,66.7,Needs Review,Coma Berenices,66,183.67417,27.83167,98.0,3.96226,,
SMDG1306148+275941,66.7,Needs Review,Coma Berenices,67,196.56167,27.994722,42.1343,1.5,,
Totoro,66.7,Needs Review,Draco,-1,258.84314,57.43529,138.0,3.2,,
SMDG1504281+554100,66.7,Needs Review,Draco,64,226.1169,55.68306,14.1,0.25,,
SMDG1504500+553844,66.7,Needs Review,Draco,64,226.20822,55.64542,14.1,0.8,,
SMDG1505300+555200,66.7,Needs Review,Draco,64,226.37487,55.86672,14.1,2.58,,
SMDG1505523+553200,66.7,Needs Review,Draco,64,226.46812,55.53341,14.1,0.4,,
SMDG1507165+552829,66.7,Needs Review,Draco,64,226.81866,55.47484,14.1,0.43,,
SMDG1508054+555216,66.7,Needs Review,Draco,64,227.02246,55.871,14.1,0.31,,
SMDG1514241+562934,66.7,Needs Review,Draco,64,228.6005,56.49267,16.5,0.3,,
SMDG1514553+561124,66.7,Needs Review,Draco,64,228.73041,56.19002,16.5,0.34,,
SMDG1515425+564216,66.7,Needs Review,Draco,64,228.92694,56.70454,16.5,0.29,,
SMDG1515436+561925,66.7,Needs Review,Draco,64,228.93171,56.32362,16.5,0.5,,
SMDG1516240+562637,66.7,Needs Review,Draco,64,229.09993,56.44363,16.5,0.47,,
SMDG1516500+561315,66.7,Needs Review,Draco,64,229.20851,56.22097,16.5,0.28,,
SMDG1551357+621734,66.7,Needs Review,Draco,64,237.89891,62.29272,19.0,1.44,,
KiDS_UDG_Fornax_51.72_35.51,66.7,Needs Review,Fornax,45,51.7249,-35.5178,26.8,2.029,,
KiDS_UDG_Fornax_52.11_33.73,66.7,Needs Review,Fornax,45,52.1181,-33.7348,26.8,1.614,,
KiDS_UDG_Fornax_53.58_35.36,66.7,Needs Review,Fornax,45,53.5841,-35.3624,26.8,1.456,,
KiDS_UDG_Fornax_53.92_35.51,66.7,Needs Review,Fornax,45,53.9281,-35.5142,26.8,1.743,,
KiDS_UDG_Fornax_53.98_34.82,66.7,Needs Review,Fornax,45,53.982,-34.8283,26.8,1.863,,
KiDS_UDG_IC1860_41.93_31.05,66.7,Needs Review,Fornax,46,41.9304,-31.0538,96.5,3.212,,
KiDS_UDG_IC1860_42.19_31.52,66.7,Needs Review,Fornax,46,42.191,-31.5262,96.5,2.011,,
IC1459_UDG1,66.7,Needs Review,Grus,36,344.596208333,-36.9830555556,28.7,1.46,,
IC1459_UDG2,66.7,Needs Review,Grus,36,344.588541667,-36.9596944444,28.7,1.45,,
IC1459_UDG5,66.7,Needs Review,Grus,36,344.049791667,-37.45,28.7,3.33,,
IC1459_UDG6,66.7,Needs Review,Grus,36,344.279333333,-36.6254722222,28.7,4.44,,
IC1459_UDG7,66.7,Needs Review,Grus,36,343.955625,-36.6408888889,28.7,4.28,,
IC1459_UDG8,66.7,Needs Review,Grus,36,344.115041667,-36.5665277778,28.7,1.73,,
IC1459_UDG9,66.7,Needs Review,Grus,36,344.61975,-36.6007777778,28.7,1.5,,
LSBG-378,66.7,Needs Review,Hydra,-1,137.273,4.995,,10.3,229100000.0,
NGC 3785,66.7,Needs Review,Leo,-1,174.8870458,26.3022722,131.8,,660693448.0,
dSph1,66.7,Needs Review,Leo,-1,154.6291666667,21.8947222222,33.6,1.9,,
ACG 215415,66.7,Needs Review,Leo,11,171.1416667,12.675,10.4,1.413,,
KK 96,66.7,Needs Review,Leo,11,162.6125,12.3594444,10.4,1.445,,
M96-DF6,66.7,Needs Review,Leo,11,161.72125,12.7426389,10.2,2.01,,
SMDG1046186+115918,66.7,Needs Review,Leo,11,161.5776,11.98846,11.2,0.18,,
SMDG1046302+114522,66.7,Needs Review,Leo,11,161.62565,11.75619,11.2,0.51,,
SMDG1047059+115243,66.7,Needs Review,Leo,11,161.77454,11.87855,11.2,0.42,,
SMDG1115343+143132,66.7,Needs Review,Leo,11,168.89298,14.52549,11.3,0.31,,
dw1051+11,66.7,Needs Review,Leo,11,162.7625,11.0202778,10.4,1.413,,
dSph2,66.7,Needs Review,Leo,15,154.4916666667,21.7480555556,23.6,2.2,,
SMDG1101447+285507,66.7,Needs Review,Leo Minor,11,165.4363,28.9187,13.6,0.37,,
SMDG0858542+443744,66.7,Needs Review,Lynx,75,134.72591,44.62899,30.2,1.29,,
SMDG0900028+445524,66.7,Needs Review,Lynx,75,135.01159,44.92331,30.2,0.69,,
DFUWS-72,66.7,Needs Review,Pegasus,-1,345.438,16.4563666667,24.2,3.25,,
PEG J231956+081253.7,66.7,Needs Review,Pegasus,34,349.98333,8.21492,50.8,0.66,,
PEG J232023+081331.4,66.7,Needs Review,Pegasus,34,350.0958333,8.2253889,50.8,2.346,,
PEG J232024+081209.0,66.7,Needs Review,Pegasus,34,350.1,8.2025,50.8,2.609,,
PEG J232037+081336.6,66.7,Needs Review,Pegasus,34,350.15417,8.22683,50.8,0.58,,
DFUWS-61,66.7,Needs Review,Pegasus,35,350.489125,8.440925,44.7,2.66,,
29,66.7,Needs Review,Perseus,0,49.597208,41.750167,72.3,2.2,,
30,66.7,Needs Review,Perseus,0,49.5975,41.602139,72.3,0.7,,
31,66.7,Needs Review,Perseus,0,49.601333,41.291861,72.3,4.1,,
57,66.7,Needs Review,Perseus,0,49.701792,41.676417,72.3,2.4,,
58,66.7,Needs Review,Perseus,0,49.711417,41.385861,72.3,1.0,,
59,66.7,Needs Review,Perseus,0,49.726333,41.258111,72.3,1.1,,
60,66.7,Needs Review,Perseus,0,49.73075,41.297222,72.3,1.0,,
61,66.7,Needs Review,Perseus,0,49.7475,41.420944,72.3,1.0,,
62,66.7,Needs Review,Perseus,0,49.747583,41.521861,72.3,1.4,,
63,66.7,Needs Review,Perseus,0,49.75625,41.649722,72.3,1.1,,
64,66.7,Needs Review,Perseus,0,49.774292,41.542889,72.3,1.1,,
66,66.7,Needs Review,Perseus,0,49.788833,41.697694,72.3,0.9,,
67,66.7,Needs Review,Perseus,0,49.803167,41.725,72.3,1.1,,
68,66.7,Needs Review,Perseus,0,49.812542,41.375472,72.3,0.9,,
70,66.7,Needs Review,Perseus,0,49.816083,41.518278,72.3,1.4,,
71,66.7,Needs Review,Perseus,0,49.81675,41.76275,72.3,1.4,,
72,66.7,Needs Review,Perseus,0,49.823042,41.211472,72.3,1.5,,
73,66.7,Needs Review,Perseus,0,49.824292,41.563444,72.3,1.0,,
75,66.7,Needs Review,Perseus,0,49.846083,41.388,72.3,2.1,,
76,66.7,Needs Review,Perseus,0,49.846333,41.649639,72.3,1.5,,
78,66.7,Needs Review,Perseus,0,49.890833,41.609028,72.3,1.1,,
79,66.7,Needs Review,Perseus,0,49.913292,41.201556,72.3,1.8,,
80,66.7,Needs Review,Perseus,0,49.913417,41.22875,72.3,1.3,,
81,66.7,Needs Review,Perseus,0,49.933458,41.655111,72.3,2.7,,
83,66.7,Needs Review,Perseus,0,49.947708,41.735917,72.3,1.2,,
87,66.7,Needs Review,Perseus,0,49.989208,41.492,72.3,0.9,,
88,66.7,Needs Review,Perseus,0,49.99625,41.309194,72.3,2.2,,
Perseus LSB candidate 11,66.7,Needs Review,Perseus,0,49.397875,41.303528,72.3,1.1,,
Perseus LSB candidate 12,66.7,Needs Review,Perseus,0,49.40325,41.383778,72.3,1.4,,
Perseus LSB candidate 13,66.7,Needs Review,Perseus,0,49.409208,41.532472,72.3,1.1,,
Perseus LSB candidate 15,66.7,Needs Review,Perseus,0,49.41425,41.4125,72.3,1.3,,
Perseus LSB candidate 16,66.7,Needs Review,Perseus,0,49.424125,41.400528,72.3,1.2,,
Perseus LSB candidate 18,66.7,Needs Review,Perseus,0,49.451417,41.310806,72.3,2.0,,
Perseus LSB candidate 19,66.7,Needs Review,Perseus,0,49.471542,41.325528,72.3,1.4,,
Perseus LSB candidate 23,66.7,Needs Review,Perseus,0,49.539792,41.342639,72.3,1.0,,
Perseus LSB candidate 26,66.7,Needs Review,Perseus,0,49.58125,41.323556,72.3,2.3,,
Perseus LSB candidate 28,66.7,Needs Review,Perseus,0,49.59025,41.757667,72.3,1.8,,
Perseus LSB candidate 3,66.7,Needs Review,Perseus,0,49.268417,41.510889,72.3,0.8,,
Perseus LSB candidate 30,66.7,Needs Review,Perseus,0,49.5975,41.602139,72.3,0.7,,
Perseus LSB candidate 32,66.7,Needs Review,Perseus,0,49.601917,41.307889,72.3,1.5,,
Perseus LSB candidate 33,66.7,Needs Review,Perseus,0,49.60775,41.68525,72.3,1.5,,
Perseus LSB candidate 34,66.7,Needs Review,Perseus,0,49.612167,41.235972,72.3,0.8,,
Perseus LSB candidate 35,66.7,Needs Review,Perseus,0,49.617417,41.663472,72.3,1.9,,
Perseus LSB candidate 37,66.7,Needs Review,Perseus,0,49.6265,41.374944,72.3,0.8,,
Perseus LSB candidate 39,66.7,Needs Review,Perseus,0,49.633875,41.53675,72.3,0.8,,
Perseus LSB candidate 41,66.7,Needs Review,Perseus,0,49.639875,41.699528,72.3,1.0,,
Perseus LSB candidate 44,66.7,Needs Review,Perseus,0,49.644708,41.377917,72.3,2.6,,
Perseus LSB candidate 45,66.7,Needs Review,Perseus,0,49.650583,41.3665,72.3,2.2,,
Perseus LSB candidate 46,66.7,Needs Review,Perseus,0,49.656292,41.404444,72.3,0.8,,
Perseus LSB candidate 47,66.7,Needs Review,Perseus,0,49.662333,41.501889,72.3,1.5,,
Perseus LSB candidate 48,66.7,Needs Review,Perseus,0,49.664708,41.658444,72.3,1.0,,
Perseus LSB candidate 53,66.7,Needs Review,Perseus,0,49.686042,41.568806,72.3,1.2,,
Perseus LSB candidate 54,66.7,Needs Review,Perseus,0,49.687292,41.405667,72.3,1.1,,
Perseus LSB candidate 61,66.7,Needs Review,Perseus,0,49.7475,41.420944,72.3,1.0,,
Perseus LSB candidate 66,66.7,Needs Review,Perseus,0,49.788833,41.697694,72.3,0.9,,
Perseus LSB candidate 72,66.7,Needs Review,Perseus,0,49.823042,41.211472,72.3,1.5,,
Perseus LSB candidate 73,66.7,Needs Review,Perseus,0,49.824292,41.563444,72.3,1.0,,
Perseus LSB candidate 76,66.7,Needs Review,Perseus,0,49.846333,41.649639,72.3,1.5,,
Perseus LSB candidate 77,66.7,Needs Review,Perseus,0,49.8865,41.603556,72.3,1.4,,
Perseus LSB candidate 79,66.7,Needs Review,Perseus,0,49.913292,41.201556,72.3,1.8,,
Perseus LSB candidate 8,66.7,Needs Review,Perseus,0,49.332125,41.575694,72.3,2.1,,
Perseus LSB candidate 81,66.7,Needs Review,Perseus,0,49.933458,41.655111,72.3,2.7,,
Perseus LSB candidate 82,66.7,Needs Review,Perseus,0,49.94025,41.468694,72.3,2.0,,
Perseus LSB candidate 83,66.7,Needs Review,Perseus,0,49.947708,41.735917,72.3,1.2,,
Perseus LSB candidate 85,66.7,Needs Review,Perseus,0,49.958875,41.415639,72.3,1.3,,
Perseus LSB candidate 86,66.7,Needs Review,Perseus,0,49.960667,41.259278,72.3,0.7,,
Perseus LSB candidate 88,66.7,Needs Review,Perseus,0,49.99625,41.309194,72.3,2.2,,
Perseus LSB candidate 89,66.7,Needs Review,Perseus,0,50.000833,41.28475,72.3,1.4,,
R116,66.7,Needs Review,Perseus,0,49.4417,41.5032,75.0,0.96,,
R117,66.7,Needs Review,Perseus,0,49.5158,41.4524,75.0,0.91,,
R14,66.7,Needs Review,Perseus,0,49.27542,41.21756,75.0,1.54,,
R20,66.7,Needs Review,Perseus,0,50.1025,41.72461,75.0,1.72,,
R21,66.7,Needs Review,Perseus,0,50.12292,41.7475,75.0,2.16,,
R23,66.7,Needs Review,Perseus,0,49.96458,41.90989,75.0,2.58,,
R25,66.7,Needs Review,Perseus,0,49.609583,41.697833,75.0,2.69,,
R33,66.7,Needs Review,Perseus,0,50.1075,41.519972,75.0,2.58,,
R5,66.7,Needs Review,Perseus,0,49.39417,41.756,75.0,2.72,,
R6,66.7,Needs Review,Perseus,0,49.245417,41.702806,75.0,1.78,,
W12,66.7,Needs Review,Perseus,0,49.40292,41.38358,75.0,1.59,,
W17,66.7,Needs Review,Perseus,0,49.43375,41.35519,75.0,1.92,,
W18,66.7,Needs Review,Perseus,0,49.45167,41.31092,75.0,3.13,,
W19,66.7,Needs Review,Perseus,0,49.47125,41.32553,75.0,1.84,,
W33,66.7,Needs Review,Perseus,0,49.607917,41.685361,75.0,1.7,,
W5,66.7,Needs Review,Perseus,0,49.29542,41.56767,75.0,1.99,,
W74,66.7,Needs Review,Perseus,0,49.841667,41.456389,75.0,1.7,,
W79,66.7,Needs Review,Perseus,0,49.58833,41.77092,75.0,2.22,,
W8,66.7,Needs Review,Perseus,0,49.33167,41.57556,75.0,1.82,,
W88,66.7,Needs Review,Perseus,0,49.99625,41.309,75.0,5.44,,
W89,66.7,Needs Review,Perseus,0,50.00042,41.28483,75.0,1.83,,
103796,66.7,Needs Review,Pisces,-1,5.165,6.9657778,80.0,3.5,,
114943,66.7,Needs Review,Pisces,-1,26.7775,7.3310834,116.0,4.5,,
SMDG0006543-000029,66.7,Needs Review,Pisces,-1,1.72625,-0.00805556,77.0895,,31622776.6,
UDG-R5,66.7,Needs Review,Pisces,-1,358.616,0.322,,2.1,110000000.0,
UDG-R6,66.7,Needs Review,Pisces,-1,358.497,0.454,,1.8,200000000.0,
113790,66.7,Needs Review,Pisces,1,18.25875,27.6368889,69.0,2.4,,
322019,66.7,Needs Review,Pisces,9,344.6120833,1.8496944,72.0,3.9,,
DFUWS-16,66.7,Needs Review,Pisces,10,21.0541666667,5.1530166667,26.9,2.64,,
Triangulum IV,66.7,Needs Review,Pisces,11,22.1622,30.9843,0.932,1.749,,
DFUWS-109,66.7,Needs Review,Pisces,34,349.3148333333,7.871375,54.0,4.99,,
PEG J232037+080934.3,66.7,Needs Review,Pisces,34,350.1541667,8.1595278,50.8,1.441,,
PEG J232038+081046.9,66.7,Needs Review,Pisces,34,350.15833,8.17969,50.8,0.67,,
PEG J232049+080806.2,66.7,Needs Review,Pisces,34,350.20417,8.13506,50.8,0.73,,
PEG J232054+080838.8,66.7,Needs Review,Pisces,34,350.225,8.14411,50.8,0.99,,
DFUWS-184,66.7,Needs Review,Pisces,35,350.917875,8.0953888889,44.3,4.23,,
SMDG0016502-002756,66.7,Needs Review,Pisces,69,4.2091667,-0.4655556,89.9377,,100000000.0,
SMDG0021031+004447,66.7,Needs Review,Pisces,69,5.2629167,0.7463889,94.2205,,79432823.47,
SMDG0025396+011515,66.7,Needs Review,Pisces,72,6.415,1.2541667,81.3722,,31622776.6,
KiDS_UDG_ESO466-021_329.75_28.44,66.7,Needs Review,Pisces Austrinus,-1,329.7547,-28.4454,100.8,3.096,,
IC1459_UDG3,66.7,Needs Review,Pisces Austrinus,36,344.4265,-36.0838888889,28.7,3.37,,
IC1459_UDG4,66.7,Needs Review,Pisces Austrinus,36,344.096958333,-36.0622222222,28.7,1.51,,
KiDS_UDG_IC5157_330.40_35.22,66.7,Needs Review,Pisces Austrinus,47,330.4094,-35.2232,64.1,1.743,,
KiDS_UDG_IC5157_330.70_34.75,66.7,Needs Review,Pisces Austrinus,47,330.7037,-34.7567,64.1,1.462,,
KiDS_UDG_IC5157_330.72_34.90,66.7,Needs Review,Pisces Austrinus,47,330.7258,-34.9,64.1,1.879,,
KiDS_UDG_IC5157_330.96_35.20,66.7,Needs Review,Pisces Austrinus,47,330.9632,-35.2004,64.1,1.325,,
KiDS_UDG_NGC7176_330.10_31.78,66.7,Needs Review,Pisces Austrinus,51,330.1037,-31.786,36.4,1.577,,
KiDS_UDG_NGC7176_330.56_32.84,66.7,Needs Review,Pisces Austrinus,51,330.5658,-32.8489,36.4,1.408,,
KiDS_UDG_NGC7176_330.58_31.57,66.7,Needs Review,Pisces Austrinus,51,330.5837,-31.5786,36.4,1.415,,
KiDS_UDG_NGC7176_331.36_31.55,66.7,Needs Review,Pisces Austrinus,51,331.3604,-31.5593,36.4,1.404,,
KiDS_UDG_NGC7176_331.79_31.07,66.7,Needs Review,Pisces Austrinus,51,331.7972,-31.0796,36.4,1.818,,
KiDS_UDG_NGC7176_331.81_32.20,66.7,Needs Review,Pisces Austrinus,51,331.8153,-32.207,36.4,1.528,,
1675,66.7,Needs Review,Sculptor,-1,3.59833,-30.41287,,2.05,17378008.0,
1916,66.7,Needs Review,Sculptor,-1,3.5842,-30.41006,,1.9,74131024.0,
2494,66.7,Needs Review,Sculptor,-1,3.60566,-30.40536,,2.82,218776162.0,
3073,66.7,Needs Review,Sculptor,-1,3.61693,-30.40145,,2.86,208929613.0,
3396,66.7,Needs Review,Sculptor,-1,3.59815,-30.3989,,3.85,75857758.0,
3626,66.7,Needs Review,Sculptor,-1,3.60776,-30.39523,,2.1,44668359.0,
3637,66.7,Needs Review,Sculptor,-1,3.57268,-30.39634,,1.93,190546072.0,
3896,66.7,Needs Review,Sculptor,-1,3.60125,-30.39521,,1.88,48977882.0,
4426,66.7,Needs Review,Sculptor,-1,3.57906,-30.38928,,2.06,323593657.0,
4512,66.7,Needs Review,Sculptor,-1,3.61281,-30.39049,,2.07,72443596.0,
4692,66.7,Needs Review,Sculptor,-1,3.5773,-30.38628,,1.8,35481339.0,
4720,66.7,Needs Review,Sculptor,-1,3.5898,-30.38792,,2.89,52480746.0,
4812,66.7,Needs Review,Sculptor,-1,3.6084,-30.38727,,2.75,120226443.0,
5026,66.7,Needs Review,Sculptor,-1,3.57398,-30.38495,,1.64,11481536.0,
5444,66.7,Needs Review,Sculptor,-1,3.58341,-30.38218,,1.83,12589254.0,
5869,66.7,Needs Review,Sculptor,-1,3.60999,-30.37962,,3.42,165958687.0,
6641,66.7,Needs Review,Sculptor,-1,3.60298,-30.3723,,2.03,147910839.0,
A2744clu0112,66.7,Needs Review,Sculptor,-1,3.5817,-30.4312,1530.0,2.0,,
A2744clu7089,66.7,Needs Review,Sculptor,-1,3.5835,-30.3822,,2.55,12600000.0,
ID 2114,66.7,Needs Review,Sculptor,-1,3.58692,-30.40987,,2.24,24500000.0,
ID 2494,66.7,Needs Review,Sculptor,-1,3.60566,-30.40536,,2.82,219000000.0,
ID 2706,66.7,Needs Review,Sculptor,-1,3.60307,-30.40571,,3.33,182000000.0,
ID 3073,66.7,Needs Review,Sculptor,-1,3.61693,-30.40145,,2.86,209000000.0,
ID 3396,66.7,Needs Review,Sculptor,-1,3.59815,-30.3989,,3.85,75900000.0,
ID 3626,66.7,Needs Review,Sculptor,-1,3.60776,-30.39523,,2.1,44700000.0,
ID 3896,66.7,Needs Review,Sculptor,-1,3.60125,-30.39521,,1.88,49000000.0,
ID 4464,66.7,Needs Review,Sculptor,-1,3.58152,-30.39016,,2.33,186000000.0,
ID 4512,66.7,Needs Review,Sculptor,-1,3.61281,-30.39049,,2.07,72400000.0,
ID 4692,66.7,Needs Review,Sculptor,-1,3.5773,-30.38628,,1.8,35500000.0,
ID 4720,66.7,Needs Review,Sculptor,-1,3.5898,-30.38792,,2.89,52500000.0,
ID 5740,66.7,Needs Review,Sculptor,-1,3.58105,-30.38084,,1.58,10700000.0,
ID 6641,66.7,Needs Review,Sculptor,-1,3.60298,-30.3723,,2.03,148000000.0,
NGC150-UDG1,66.7,Needs Review,Sculptor,-1,8.5645,-27.8036,20.9,3.9,,
dw0009-25,66.7,Needs Review,Sculptor,-1,2.4075,-25.049222,100.0,4.0,,
dw0010-25,66.7,Needs Review,Sculptor,11,2.659167,-25.334944,7.67,1.069,,
KiDS_UDG_15,66.7,Needs Review,Sculptor,31,18.562234,-32.4841,83.1,1.839,,
KiDS_UDG_17,66.7,Needs Review,Sculptor,31,18.639711,-32.1925,83.1,1.702,,
KiDS_UDG_18,66.7,Needs Review,Sculptor,31,18.671723,-32.2038,83.1,3.515,,
KiDS_UDG_19,66.7,Needs Review,Sculptor,31,19.011245,-31.7601,83.1,1.733,,
KiDS_UDG_NGC0439_18.6032.46,66.7,Needs Review,Sculptor,31,18.6007,-32.462,83.1,1.74,,
KiDS_UDG_IC5358_356.70_28.12,66.7,Needs Review,Sculptor,48,356.706,-28.124,123.0,2.582,,
KiDS_UDG_IC5358_356.78_28.24,66.7,Needs Review,Sculptor,48,356.7852,-28.2484,123.0,3.567,,
KiDS_UDG_NGC7507_347.06_28.18,66.7,Needs Review,Sculptor,52,347.0601,-28.183,22.9,1.457,,
KiDS_UDG_NGC7507_347.969_28.92,66.7,Needs Review,Sculptor,52,347.9699,-28.926,22.9,1.513,,
COSMOS-UDG1,66.7,Needs Review,Sextans,-1,150.1577458,2.40885,,2.64,250000000.0,
COSMOS-UDG2,66.7,Needs Review,Sextans,-1,150.0989667,2.3682972,,1.7,220000000.0,
dw100000-074116,66.7,Needs Review,Sextans,11,150.0035458333,-7.6880277777,9.7,0.61262,,
dw100053-082223,66.7,Needs Review,Sextans,11,150.2230916667,-8.3731166667,9.7,0.1565,,
dw100054-083149,66.7,Needs Review,Sextans,11,150.2288583333,-8.5304722223,9.7,0.25713,,
dw100136-075230,66.7,Needs Review,Sextans,11,150.4041458333,-7.8751361111,9.7,0.36497,,
dw100158-085117,66.7,Needs Review,Sextans,11,150.4922541667,-8.8549166667,9.7,0.43855,,
dw100201-081836,66.7,Needs Review,Sextans,11,150.5043875,-8.3101666667,9.7,0.22673,,
dw100216-075729,66.7,Needs Review,Sextans,11,150.5707375,-7.9582833333,9.7,0.09621,,
dw100356-064527,66.7,Needs Review,Sextans,11,150.98525,-6.7577388889,9.7,0.27342,,
dw100407-064747,66.7,Needs Review,Sextans,11,151.0297125,-6.7964055556,9.7,0.20351,,
dw100454-064231,66.7,Needs Review,Sextans,11,151.2258583333,-6.7088027778,9.7,0.40294,,
dw100512-073256,66.7,Needs Review,Sextans,11,151.3000166667,-7.5490972222,9.7,0.10682,,
dw100532-063420,66.7,Needs Review,Sextans,11,151.3867041667,-6.572325,9.7,0.19079,,
dw100535-074459,66.7,Needs Review,Sextans,11,151.3960708333,-7.7498083333,9.7,0.87511,,
dw100539-082337,66.7,Needs Review,Sextans,11,151.4153666667,-8.3936888889,9.7,0.06361,,
dw100553-075248,66.7,Needs Review,Sextans,11,151.4739958333,-7.8802694445,9.7,0.08995,,
dw1006009-082426,66.7,Needs Review,Sextans,11,151.5384541667,-8.4073222222,9.7,0.10893,,
dw100612-073002,66.7,Needs Review,Sextans,11,151.5526083333,-7.5006694444,9.7,0.42276,,
dw100626-073257,66.7,Needs Review,Sextans,11,151.6110083333,-7.5492805555,9.7,0.45237,,
dw100633-073033,66.7,Needs Review,Sextans,11,151.64,-7.5091805556,9.7,0.2954,,
dw100634-082819,66.7,Needs Review,Sextans,11,151.645075,-8.4719805556,9.7,0.06606,,
dw100649-082105,66.7,Needs Review,Sextans,11,151.7048125,-8.3514555556,9.7,0.09127,,
dw100720-071547,66.7,Needs Review,Sextans,11,151.8342833333,-7.2631972222,9.7,0.55102,,
dw100955-071929,66.7,Needs Review,Sextans,11,152.4812208333,-7.3249138889,9.7,0.15814,,
dw101023-065948,66.7,Needs Review,Sextans,11,152.5996416667,-6.9967527777,9.7,0.15444,,
113949,66.7,Needs Review,Triangulum,-1,27.4108333,30.6807778,102.0,2.5,,
GAMA 526784,66.7,Needs Review,Unknown,-1,,,40.0,2.5,199526231.5,0.92
MATLAS-1824,66.7,Needs Review,Unknown,-1,,,46.3,2.93,20417000.0,0.642857
Y358,66.7,Needs Review,Unknown,-1,,,100.0,2.1,140000000.0,0.9
Holmberg IX,66.7,Needs Review,Ursa Major,11,149.383125,69.046,3.6,,4000000.0,
SMDG1126214+434408,66.7,Needs Review,Ursa Major,11,171.58937,43.73553,16.8,0.78,,
SMDG1126532+432749,66.7,Needs Review,Ursa Major,11,171.72158,43.46373,16.8,0.4,,
SMDG1132312+470704,66.7,Needs Review,Ursa Major,11,173.12985,47.11774,13.6,0.44,,
SMDG1152340+370702,66.7,Needs Review,Ursa Major,11,178.14169,37.11711,13.8,0.62,,
SMDG1155345+551658,66.7,Needs Review,Ursa Major,11,178.89382,55.28269,20.8,0.42,,
SMDG1155406+552155,66.7,Needs Review,Ursa Major,11,178.91909,55.3652,20.8,1.21,,
SMDG1156093+551556,66.7,Needs Review,Ursa Major,11,179.03881,55.2655,20.8,0.76,,
SMDG1158469+473107,66.7,Needs Review,Ursa Major,11,179.69539,47.51862,17.9,0.54,,
M101-DF5,66.7,Needs Review,Ursa Major,56,211.11709,55.616788,27.0,4.9,,
M101-DF6,66.7,Needs Review,Ursa Major,56,212.07927,55.190214,27.0,2.9,,
M101-DF7,66.7,Needs Review,Ursa Major,56,211.45134,55.132899,27.0,2.6,,
NGC3625-DGSAT-4,66.7,Needs Review,Ursa Major,57,170.419958,57.410278,37.0,2.175,,
NGC3669-DGSAT-3,66.7,Needs Review,Ursa Major,63,171.661583,57.688639,43.0,3.912,,
LSBG-490,66.7,Needs Review,Virgo,-1,181.933,1.172,,4.7,144500000.0,
KDG 218,66.7,Needs Review,Virgo,11,196.4329167,-7.7588889,22.0,2.52,,
KiDS_UDG_NGC4636_188.23_3.36,66.7,Needs Review,Virgo,11,188.2329,3.3605,17.5,1.682,,
KiDS_UDG_NGC4636_190.46_2.74,66.7,Needs Review,Virgo,11,190.466,2.7446,17.5,1.516,,
KiDS_UDG_NGC4636_191.23_2.29,66.7,Needs Review,Virgo,11,191.2318,2.2959,17.5,1.414,,
KiDS_UDG_NGC4636_191.82_1.72,66.7,Needs Review,Virgo,11,191.82201,-1.7203,17.5,1.412,,
KiDS_UDG_NGC4636_192.50_3.21,66.7,Needs Review,Virgo,11,192.5062,3.2154,17.5,1.678,,
KiDS_UDG_NGC5576_191.98_2.54,66.7,Needs Review,Virgo,11,191.9899,-2.5431,22.5,1.649,,
KiDS_UDG_NGC5576_192.05_0.83,66.7,Needs Review,Virgo,11,192.0504,-0.8391,22.5,1.412,,
KiDS_UDG_NGC5576_192.23_0.78,66.7,Needs Review,Virgo,11,192.2392,-0.78,22.5,1.4,,
SMDG1220588+085156,66.7,Needs Review,Virgo,11,185.24491,8.86568,20.0,1.39,,
SMDG1222266+084719,66.7,Needs Review,Virgo,11,185.61079,8.7887,20.0,1.51,,
SMDG1222421+085000,66.7,Needs Review,Virgo,11,185.67536,8.83311,20.0,1.46,,
SMDG1222509+085408,66.7,Needs Review,Virgo,11,185.71224,8.90232,20.0,1.16,,
SMDG1222512+085046,66.7,Needs Review,Virgo,11,185.71333,8.8462,20.0,0.8,,
KiDS_UDG_NGC5846_223.85_1.03,66.7,Needs Review,Virgo,19,223.8568,1.03,26.8,1.739,,
KiDS_UDG_NGC5846_224.61_1.54,66.7,Needs Review,Virgo,19,224.6193,1.5422,26.8,1.434,,
KiDS_UDG_NGC5846_225.83_1.43,66.7,Needs Review,Virgo,19,225.8391,1.4308,26.8,1.576,,
KiDS_UDG_NGC5846_226.07_1.75,66.7,Needs Review,Virgo,19,226.0799,1.755,26.8,1.593,,
MATLAS-1938,66.7,Needs Review,Virgo,19,225.13758,2.230778,25.0,1.57,,
KiDS_UDG_NGC4073_180.58_2.26,66.7,Needs Review,Virgo,49,180.5874,2.2665,87.5,2.152,,
KiDS_UDG_NGC4073_180.66_1.83,66.7,Needs Review,Virgo,49,180.6606,1.8314,87.5,1.888,,
KiDS_UDG_NGC4073_180.84_1.79,66.7,Needs Review,Virgo,49,180.8461,1.79,87.5,1.916,,
KiDS_UDG_NGC4073_180.86_1.40,66.7,Needs Review,Virgo,49,180.8698,1.4058,87.5,2.216,,
KiDS_UDG_NGC4073_180.88_1.80,66.7,Needs Review,Virgo,49,180.8865,1.803,87.5,2.64,,
KiDS_UDG_NGC4073_180.92_1.93,66.7,Needs Review,Virgo,49,180.9242,1.9327,87.5,2.296,,
KiDS_UDG_NGC4073_181.03_1.58,66.7,Needs Review,Virgo,49,181.0309,1.5832,87.5,2.784,,
KiDS_UDG_NGC4073_181.04_1.87,66.7,Needs Review,Virgo,49,181.0409,1.8736,87.5,1.888,,
KiDS_UDG_NGC4073_181.17_1.45,66.7,Needs Review,Virgo,49,181.17,1.4507,87.5,1.72,,
KiDS_UDG_NGC4073_181.24_1.95,66.7,Needs Review,Virgo,49,181.2471,1.9554,87.5,1.86,,
KiDS_UDG_NGC4073_181.24_1.98,66.7,Needs Review,Virgo,49,181.247,1.9873,87.5,1.888,,
KiDS_UDG_NGC4073_181.35_1.92,66.7,Needs Review,Virgo,49,181.352,1.9237,87.5,2.176,,
KiDS_UDG_NGC4073_181.78_1.90,66.7,Needs Review,Virgo,49,181.7882,1.9005,87.5,1.824,,
KiDS_UDG_NGC4690_214.81_3.12,66.7,Needs Review,Virgo,50,214.8123,3.1243,40.1,1.568,,
KiDS_UDG_NGC4690_215.51_3.58,66.7,Needs Review,Virgo,50,215.5182,3.5866,40.1,1.642,,
KiDS_UDG_NGC4690_217.02_3.18,66.7,Needs Review,Virgo,50,217.029,3.1863,40.1,1.447,,
KiDS_UDG_NGC4690_217.71_3.20,66.7,Needs Review,Virgo,50,217.7127,3.2068,40.1,1.568,,
KiDS_UDG_UGC07813_189.78_0.14,66.7,Needs Review,Virgo,53,189.7877,0.1446,100.8,3.919,,
KiDS_UDG_UGC07813_189.91_0.82,66.7,Needs Review,Virgo,53,189.9156,0.8249,100.8,2.778,,
KiDS_UDG_UGC07813_189.94_0.04,66.7,Needs Review,Virgo,53,189.9486,0.0408,100.8,4.766,,
KiDS_UDG_UGC07813_190.20_0.44,66.7,Needs Review,Virgo,53,190.2022,0.4496,100.8,3.427,,
M0717clu0069,50.0,Needs Review,Auriga,-1,109.4029,37.7197,,2.51,,
M0717clu0456,50.0,Needs Review,Auriga,-1,109.42,37.7254,,1.68,,
M0717clu1415,50.0,Needs Review,Auriga,-1,109.3851,37.7338,,3.09,,
M0717clu5158,50.0,Needs Review,Auriga,-1,109.3811,37.7647,,1.75,,
M0717clu5661,50.0,Needs Review,Auriga,-1,109.3872,37.7699,,2.85,,
M0717clu5958,50.0,Needs Review,Auriga,-1,109.3839,37.7733,,2.48,,
SMDG1243448+323203,50.0,Needs Review,Canes Venatici,-1,190.93667,32.53417,,6.08491,,
SMDG1320482+314822,50.0,Needs Review,Canes Venatici,-1,200.20083,31.80611,,2.78302,,
SMDG1333170+281431,50.0,Needs Review,Canes Venatici,-1,203.32083,28.24194,,2.78302,,
SMDG1340312+282659,50.0,Needs Review,Canes Venatici,-1,205.13,28.44972,,3.25472,,
KK220,50.0,Needs Review,Canes Venatici,11,206.9016,33.20611,11.1,,,
KK198,50.0,Needs Review,Centaurus,-1,200.7333,-33.5725,50.0,,,
003414-081008,50.0,Needs Review,Cetus,-1,8.5585,-8.1691,,1.04,,
003637-082457,50.0,Needs Review,Cetus,-1,9.1542,-8.416,,0.71,,
004103-210808,50.0,Needs Review,Cetus,-1,10.2636,-21.1356,,0.38,,
005124-065818,50.0,Needs Review,Cetus,-1,12.8526,-6.9719,,0.45,,
005733-040804,50.0,Needs Review,Cetus,-1,14.3901,-4.1345,,0.97,,
005914-075715,50.0,Needs Review,Cetus,-1,14.8103,-7.9544,,0.68,,
005916-073511,50.0,Needs Review,Cetus,-1,14.8192,-7.5867,,0.45,,
005949-071341,50.0,Needs Review,Cetus,-1,14.9559,-7.2281,,0.48,,
010149-073750,50.0,Needs Review,Cetus,-1,15.4583,-7.6308,,1.08,,
010339-061053,50.0,Needs Review,Cetus,-1,15.9145,-6.1814,,1.18,,
0221+0034,50.0,Needs Review,Cetus,-1,35.4575,0.5780556,,11.35,,
0225-0049,50.0,Needs Review,Cetus,-1,36.44,-0.8305556,,1.33,,
0227+0040,50.0,Needs Review,Cetus,-1,36.7545833,0.6822223,,7.79,,
0249+0146,50.0,Needs Review,Cetus,-1,42.4375,1.7711111,,6.19,,
0319+0015,50.0,Needs Review,Cetus,-1,49.8091667,0.25,,3.66,,
338,50.0,Needs Review,Cetus,-1,36.37673,-5.04815,40.0,,,
A370clu0353,50.0,Needs Review,Cetus,-1,39.9598,-1.6067,,2.78,,
A370clu0459,50.0,Needs Review,Cetus,-1,39.9636,-1.6043,,1.84,,
A370clu0646,50.0,Needs Review,Cetus,-1,39.9604,-1.6014,,2.18,,
A370clu0896,50.0,Needs Review,Cetus,-1,39.9838,-1.5979,,4.19,,
A370clu1046,50.0,Needs Review,Cetus,-1,39.9821,-1.5958,,2.64,,
A370clu1456,50.0,Needs Review,Cetus,-1,39.9851,-1.5917,,2.3,,
A370clu1760,50.0,Needs Review,Cetus,-1,39.9958,-1.5885,,1.7,,
A370clu2123,50.0,Needs Review,Cetus,-1,39.9822,-1.5854,,3.04,,
A370clu2258,50.0,Needs Review,Cetus,-1,39.9887,-1.5837,,3.03,,
A370clu2416,50.0,Needs Review,Cetus,-1,39.9451,-1.5827,,2.11,,
A370clu2512,50.0,Needs Review,Cetus,-1,39.9897,-1.582,,1.69,,
A370clu2569,50.0,Needs Review,Cetus,-1,39.9863,-1.582,,2.09,,
A370clu3299,50.0,Needs Review,Cetus,-1,39.9402,-1.5762,,1.82,,
A370clu3386,50.0,Needs Review,Cetus,-1,39.9506,-1.5754,,1.66,,
A370clu3876,50.0,Needs Review,Cetus,-1,39.9615,-1.573,,2.01,,
A370clu3936,50.0,Needs Review,Cetus,-1,39.941,-1.5714,,1.65,,
A370clu3999,50.0,Needs Review,Cetus,-1,39.9523,-1.5708,,1.72,,
A370clu4169,50.0,Needs Review,Cetus,-1,39.9545,-1.5696,,1.97,,
A370clu4746,50.0,Needs Review,Cetus,-1,39.9717,-1.5646,,1.7,,
A370clu4938,50.0,Needs Review,Cetus,-1,39.9344,-1.5626,,2.32,,
A370clu5038,50.0,Needs Review,Cetus,-1,39.9491,-1.5621,,3.58,,
A370clu5094,50.0,Needs Review,Cetus,-1,39.9827,-1.5611,,1.55,,
A370clu5325,50.0,Needs Review,Cetus,-1,39.9841,-1.559,,1.75,,
DES J0125.5+0145,50.0,Needs Review,Cetus,-1,21.3014,1.7794,72.32,,,
SMDG0032359+000652,50.0,Needs Review,Cetus,-1,8.14958333,0.11444444,,5.27,,
SMDG0058555+003627,50.0,Needs Review,Cetus,-1,14.73125,0.6075,,4.45,,
SMDG0107238+010008,50.0,Needs Review,Cetus,-1,16.84916667,1.00222222,,3.04,,
SMDG2334535+011226,50.0,Needs Review,Cetus,-1,23.581528,1.207222,,1.15,,
330,50.0,Needs Review,Cetus,10,35.51138,-2.65082,16.5,,,
DF2 (RCP 29),50.0,Needs Review,Cetus,10,40.44531,-8.40297,17.7,,,
DF4 (RCP 12),50.0,Needs Review,Cetus,10,39.81271,-8.11597,18.8,,,
DF5 (RCP 11),50.0,Needs Review,Cetus,10,39.80284,-8.14083,20.5,,,
LEDA 4014647,50.0,Needs Review,Cetus,10,39.70206,-8.04938,17.7,,,
NGC 1035,50.0,Needs Review,Cetus,10,39.87145,-8.13328,13.8,,,
RCP 16,50.0,Needs Review,Cetus,10,39.91385,-8.22845,21.8,,,
RCP 26,50.0,Needs Review,Cetus,10,40.2897,-8.29691,18.9,,,
17748,50.0,Needs Review,Coma Berenices,-1,194.8011234,27.92548284,,7.0,,
DF10,50.0,Needs Review,Coma Berenices,-1,194.8179167,28.2975,,2.4,,
DF13,50.0,Needs Review,Coma Berenices,-1,195.4841667,28.1230556,,2.2,,
DF14,50.0,Needs Review,Coma Berenices,-1,194.5325,27.9127778,,3.8,,
DF16,50.0,Needs Review,Coma Berenices,-1,194.2183333,27.8747222,,1.5,,
DF18,50.0,Needs Review,Coma Berenices,-1,194.78875,27.83,,2.8,,
DF19,50.0,Needs Review,Coma Berenices,-1,196.02125,27.8013889,,4.4,,
DF20,50.0,Needs Review,Coma Berenices,-1,195.07875,27.8016667,,2.3,,
DF21,50.0,Needs Review,Coma Berenices,-1,195.5170833,27.7986111,,1.5,,
DF22,50.0,Needs Review,Coma Berenices,-1,195.7408333,27.7902778,,2.1,,
DF23,50.0,Needs Review,Coma Berenices,-1,194.8491667,27.7908333,,2.3,,
DF24,50.0,Needs Review,Coma Berenices,-1,194.1204167,27.7719445,,1.8,,
DF29,50.0,Needs Review,Coma Berenices,-1,194.5208333,27.7330556,,3.1,,
DF31,50.0,Needs Review,Coma Berenices,-1,193.7758333,27.6241667,,2.5,,
DF33,50.0,Needs Review,Coma Berenices,-1,193.8754167,27.5805556,,1.9,,
DF35,50.0,Needs Review,Coma Berenices,-1,195.14875,27.4975,,2.7,,
DF37,50.0,Needs Review,Coma Berenices,-1,194.8483333,27.3561111,,1.5,,
DF38,50.0,Needs Review,Coma Berenices,-1,195.5004167,27.3308334,,1.8,,
DF39,50.0,Needs Review,Coma Berenices,-1,194.5433333,27.3197222,,4.0,,
DF41,50.0,Needs Review,Coma Berenices,-1,194.3291667,27.0988889,,3.4,,
DF43,50.0,Needs Review,Coma Berenices,-1,193.7141667,26.9961111,,1.5,,
DF45,50.0,Needs Review,Coma Berenices,-1,193.47375,26.9466666,,1.9,,
DF47,50.0,Needs Review,Coma Berenices,-1,193.9504167,26.5647222,,4.2,,
SMDG1214429+291508,50.0,Needs Review,Coma Berenices,-1,183.67875,29.25222,,5.33019,,
SMDG1223447+295951,50.0,Needs Review,Coma Berenices,-1,185.93625,29.9975,,4.57547,,
SMDG1225264+311647,50.0,Needs Review,Coma Berenices,-1,186.36,31.27972,,4.00943,,
SMDG1228115+290105,50.0,Needs Review,Coma Berenices,-1,187.04792,29.01806,,2.5,,
SMDG1230455+264650,50.0,Needs Review,Coma Berenices,-1,187.68958,26.78056,,2.73585,,
SMDG1237294+204442,50.0,Needs Review,Coma Berenices,-1,189.3725,20.745,,3.01887,,
SMDG1249412+270646,50.0,Needs Review,Coma Berenices,-1,192.42167,27.11278,,4.24528,,
SMDG1251456+305429,50.0,Needs Review,Coma Berenices,-1,192.94,30.90806,,2.5,,
SMDG1256265+285929,50.0,Needs Review,Coma Berenices,-1,194.11042,28.99139,,3.67925,,
SMDG1307463+291231,50.0,Needs Review,Coma Berenices,-1,196.94292,29.20861,,4.0566,,
NGC5907,50.0,Needs Review,Draco,64,228.9729,56.3306,14.9,,,
M0416clu0656,50.0,Needs Review,Eridanus,-1,64.0465,-24.095,,1.56,,
M0416clu0666,50.0,Needs Review,Eridanus,-1,64.045,-24.0954,,2.27,,
M0416clu0833,50.0,Needs Review,Eridanus,-1,64.0661,-24.0925,,1.51,,
M0416clu1090,50.0,Needs Review,Eridanus,-1,64.0126,-24.0899,,1.66,,
M0416clu4132,50.0,Needs Review,Eridanus,-1,64.0078,-24.0707,,1.52,,
M0416clu5295,50.0,Needs Review,Eridanus,-1,64.0575,-24.0643,,1.97,,
M0416clu5483,50.0,Needs Review,Eridanus,-1,64.0241,-24.0627,,1.62,,
M0416clu6651,50.0,Needs Review,Eridanus,-1,64.0572,-24.0532,,2.24,,
M0416clu6894,50.0,Needs Review,Eridanus,-1,64.0427,-24.0504,,3.71,,
DES J0338.1-1835,50.0,Needs Review,Eridanus,32,54.9388,-18.4712,23.41,,,
DES J0335.6-3521,50.0,Needs Review,Fornax,32,53.9377,-35.3133,18.97,,,
FCC 229,50.0,Needs Review,Fornax,32,54.347,-34.9,20.0,,,
AS1063clu0008,50.0,Needs Review,Grus,-1,342.178,-44.5698,,2.23,,
AS1063clu0224,50.0,Needs Review,Grus,-1,342.1824,-44.5616,,2.7,,
AS1063clu0288,50.0,Needs Review,Grus,-1,342.1791,-44.5603,,1.65,,
AS1063clu0308,50.0,Needs Review,Grus,-1,342.175,-44.56,,1.71,,
AS1063clu0379,50.0,Needs Review,Grus,-1,342.1697,-44.5584,,1.88,,
AS1063clu0496,50.0,Needs Review,Grus,-1,342.1641,-44.5562,,1.79,,
AS1063clu1208,50.0,Needs Review,Grus,-1,342.17,-44.5469,,1.86,,
AS1063clu1228,50.0,Needs Review,Grus,-1,342.1644,-44.5464,,1.64,,
AS1063clu2393,50.0,Needs Review,Grus,-1,342.199,-44.5381,,2.19,,
AS1063clu2427,50.0,Needs Review,Grus,-1,342.1948,-44.538,,1.93,,
AS1063clu2749,50.0,Needs Review,Grus,-1,342.2347,-44.5355,,1.93,,
AS1063clu2812,50.0,Needs Review,Grus,-1,342.1494,-44.5352,,1.73,,
AS1063clu2960,50.0,Needs Review,Grus,-1,342.203,-44.5349,,1.57,,
AS1063clu3056,50.0,Needs Review,Grus,-1,342.1991,-44.5344,,2.05,,
AS1063clu3122,50.0,Needs Review,Grus,-1,342.1441,-44.5336,,2.42,,
AS1063clu3242,50.0,Needs Review,Grus,-1,342.2192,-44.5329,,1.88,,
AS1063clu3447,50.0,Needs Review,Grus,-1,342.2319,-44.532,,2.14,,
AS1063clu3471,50.0,Needs Review,Grus,-1,342.2271,-44.5318,,2.27,,
AS1063clu3607,50.0,Needs Review,Grus,-1,342.217,-44.531,,2.44,,
AS1063clu3937,50.0,Needs Review,Grus,-1,342.2027,-44.5308,,2.57,,
AS1063clu4009,50.0,Needs Review,Grus,-1,342.1379,-44.5295,,1.57,,
AS1063clu4519,50.0,Needs Review,Grus,-1,342.2163,-44.5273,,1.59,,
AS1063clu4855,50.0,Needs Review,Grus,-1,342.1356,-44.5254,,2.16,,
AS1063clu4972,50.0,Needs Review,Grus,-1,342.1483,-44.5243,,1.73,,
AS1063clu5030,50.0,Needs Review,Grus,-1,342.1747,-44.5249,,1.78,,
AS1063clu5710,50.0,Needs Review,Grus,-1,342.1502,-44.5194,,2.21,,
AS1063clu5943,50.0,Needs Review,Grus,-1,342.1656,-44.5179,,2.61,,
AS1063clu6074,50.0,Needs Review,Grus,-1,342.1734,-44.5171,,2.76,,
AS1063clu6396,50.0,Needs Review,Grus,-1,342.1882,-44.5143,,2.03,,
AS1063clu6652,50.0,Needs Review,Grus,-1,342.1866,-44.5171,,1.97,,
AS1063clu6653,50.0,Needs Review,Grus,-1,342.1972,-44.5108,,2.18,,
AS1063clu6800,50.0,Needs Review,Grus,-1,342.1955,-44.5095,,2.23,,
AS1063clu7141,50.0,Needs Review,Grus,-1,342.1833,-44.5037,,2.86,,
Abell S1063,50.0,Needs Review,Grus,-1,342.183208,-44.530872,,1.86,,
LSBG-044,50.0,Needs Review,Hercules,-1,237.847,43.306,,,239900000.0,
RXCJ1714.3+4341,50.0,Needs Review,Hercules,-1,258.5775,43.6897,117.8,,,
1101+0211,50.0,Needs Review,Leo,-1,165.4391667,2.19,,5.54,,
1110-0017,50.0,Needs Review,Leo,-1,167.55875,-0.2963889,,6.57,,
M1149clu0324,50.0,Needs Review,Leo,-1,177.4102,22.3731,,2.4,,
M1149clu0541,50.0,Needs Review,Leo,-1,177.4016,22.3764,,2.63,,
M1149clu0778,50.0,Needs Review,Leo,-1,177.3933,22.3794,,1.91,,
M1149clu3274,50.0,Needs Review,Leo,-1,177.4119,22.398,,2.76,,
M1149clu3831,50.0,Needs Review,Leo,-1,177.3808,22.4017,,1.89,,
M1149clu5184,50.0,Needs Review,Leo,-1,177.4058,22.4106,,2.15,,
M1149clu5625,50.0,Needs Review,Leo,-1,177.3822,22.4142,,2.4,,
M1149clu6156,50.0,Needs Review,Leo,-1,177.4072,22.4199,,2.56,,
MATLAS-607,50.0,Needs Review,Leo,-1,149.90075,11.774833,41.0,,,
MATLAS-631,50.0,Needs Review,Leo,-1,151.500792,13.058833,145.0,,,
Abell 779,50.0,Needs Review,Lynx,-1,139.955,33.7603,99.0,,,
000033+165423,50.0,Needs Review,Pegasus,-1,0.1392,16.9065,,0.52,,
000044+152725,50.0,Needs Review,Pegasus,-1,0.1855,15.4572,,0.68,,
000222+160140,50.0,Needs Review,Pegasus,-1,0.5929,16.0279,,0.27,,
000248+163546,50.0,Needs Review,Pegasus,-1,0.7041,16.5962,,0.57,,
000250+163742,50.0,Needs Review,Pegasus,-1,0.7105,16.6284,,0.88,,
000324+161111,50.0,Needs Review,Pegasus,-1,0.8508,16.1865,,0.93,,
000417+204430,50.0,Needs Review,Pegasus,-1,1.0715,20.7419,,0.99,,
Abell 2634,50.0,Needs Review,Pegasus,-1,359.6071,27.0125,133.7,,,
RUDG-60,50.0,Needs Review,Perseus,0,49.9004166667,41.9571305556,75.0,,,
RUDG-84,50.0,Needs Review,Perseus,0,49.3533333333,41.7391222222,75.0,,,
WUDG-88,50.0,Needs Review,Perseus,0,49.99625,41.3091944444,75.0,,,
WUDG-89,50.0,Needs Review,Perseus,0,50.0008333333,41.28475,75.0,,,
DES J0039.6-5558,50.0,Needs Review,Phoenix,-1,9.8888,-55.9649,120.23,,,
DES J0107.5-4644,50.0,Needs Review,Phoenix,30,16.8965,-46.7418,102.03,,,
DES J0110.0-4556,50.0,Needs Review,Phoenix,30,17.4972,-45.9398,106.61,,,
001746+113147,50.0,Needs Review,Pisces,-1,4.442,11.5299,,0.65,,
0139+0240,50.0,Needs Review,Pisces,-1,24.9954167,2.6777778,,3.15,,
DES J0039.6-0143,50.0,Needs Review,Pisces,33,9.8887,3.1829,62.81,,,
002922-332302,50.0,Needs Review,Sculptor,-1,7.3456,-33.3839,,0.38,,
003102-331613,50.0,Needs Review,Sculptor,-1,7.7622,-33.2705,,1.18,,
003155-331600,50.0,Needs Review,Sculptor,-1,7.9815,-33.2668,,1.14,,
003258-324548,50.0,Needs Review,Sculptor,-1,8.2426,-32.7636,,0.66,,
003351-275024,50.0,Needs Review,Sculptor,-1,8.4651,-27.8401,,2.16,,
003506-280306,50.0,Needs Review,Sculptor,-1,8.7789,-28.0518,,1.45,,
004434-314204,50.0,Needs Review,Sculptor,-1,11.1453,-31.7013,,0.23,,
004643-313058,50.0,Needs Review,Sculptor,-1,11.6808,-31.5163,,0.61,,
005236-310921,50.0,Needs Review,Sculptor,-1,13.1524,-31.1561,,0.71,,
005249-305753,50.0,Needs Review,Sculptor,-1,13.2051,-30.9648,,0.32,,
A2744clu0448,50.0,Needs Review,Sculptor,-1,3.5952,-30.4228,,1.64,,
A2744clu0679,50.0,Needs Review,Sculptor,-1,3.5912,-30.4194,,1.94,,
A2744clu0745,50.0,Needs Review,Sculptor,-1,3.5787,-30.4188,,2.71,,
A2744clu1656,50.0,Needs Review,Sculptor,-1,3.6062,-30.4116,,2.43,,
A2744clu1717,50.0,Needs Review,Sculptor,-1,3.616,-30.4107,,2.44,,
A2744clu2029,50.0,Needs Review,Sculptor,-1,3.5748,-30.4095,,2.22,,
A2744clu2489,50.0,Needs Review,Sculptor,-1,3.5596,-30.4065,,2.1,,
A2744clu2651,50.0,Needs Review,Sculptor,-1,3.6231,-30.406,,1.9,,
A2744clu4431,50.0,Needs Review,Sculptor,-1,3.5648,-30.397,,1.69,,
A2744clu5026,50.0,Needs Review,Sculptor,-1,3.5641,-30.3944,,1.82,,
A2744clu5159,50.0,Needs Review,Sculptor,-1,3.5638,-30.3935,,1.75,,
A2744clu6355,50.0,Needs Review,Sculptor,-1,3.6024,-30.387,,1.81,,
A2744clu6625,50.0,Needs Review,Sculptor,-1,3.5822,-30.3849,,3.28,,
A2744clu7053,50.0,Needs Review,Sculptor,-1,3.5634,-30.3815,,1.56,,
A2744clu7219,50.0,Needs Review,Sculptor,-1,3.5665,-30.3806,,1.72,,
A2744clu7651,50.0,Needs Review,Sculptor,-1,3.5914,-30.3774,,1.8,,
A2744clu8134,50.0,Needs Review,Sculptor,-1,3.5762,-30.3718,,1.69,,
A2744clu8312,50.0,Needs Review,Sculptor,-1,3.6025,-30.3695,,1.84,,
A2744clu8655,50.0,Needs Review,Sculptor,-1,3.5908,-30.3638,,1.78,,
A2744clu8657,50.0,Needs Review,Sculptor,-1,3.595,-30.3638,,1.62,,
A2744clu8681,50.0,Needs Review,Sculptor,-1,3.5853,-30.3644,,3.22,,
A2744clu8818,50.0,Needs Review,Sculptor,-1,3.5899,-30.3622,,3.24,,
DES J0113.9-3142,50.0,Needs Review,Sculptor,31,18.4983,-31.7043,84.8,,,
MATLAS-2094,50.0,Needs Review,Serpens,-1,238.3115,0.709722,30.6,,,
0955+0155,50.0,Needs Review,Sextans,-1,148.9770833,1.9327778,,2.28,,
NGC 3115,50.0,Needs Review,Sextans,11,151.3083,-7.7167,9.4,,,
MATLAS-646,50.0,Needs Review,Sextans,15,153.37342,3.448667,21.8,,,
112,50.0,Needs Review,Unknown,-1,,,72.0,1.53,54954000.0,
367,50.0,Needs Review,Unknown,-1,,,100.0,1.48,38018900.0,
374,50.0,Needs Review,Unknown,-1,,,97.65,1.01,21850000.0,
386,50.0,Needs Review,Unknown,-1,,,16.5,1.93,125893000.0,
395,50.0,Needs Review,Unknown,-1,,,16.5,0.69,5495400.0,
412,50.0,Needs Review,Unknown,-1,,,103.0,0.88,13803800.0,
421,50.0,Needs Review,Unknown,-1,,,16.5,0.74,7244400.0,
424,50.0,Needs Review,Unknown,-1,,,72.0,1.36,5011870.0,
425,50.0,Needs Review,Unknown,-1,,,97.65,3.11,26302700.0,
99,50.0,Needs Review,Unknown,-1,,,2.65,2.09,16595900.0,
AGC215423,50.0,Needs Review,Unknown,-1,,,91.8,6.48,107150000.0,
AGC233768,50.0,Needs Review,Unknown,-1,,,115.2,4.25,275420000.0,
AGC238976,50.0,Needs Review,Unknown,-1,,,105.4,7.67,239880000.0,
AGC241923,50.0,Needs Review,Unknown,-1,,,86.7,3.6,562340000.0,
AGC721966,50.0,Needs Review,Unknown,-1,,,78.9,0.6,389050000.0,
Antlia II,50.0,Needs Review,Unknown,-1,,,0.132,2.9,1700000.0,
EDwC-0141,50.0,Needs Review,Unknown,-1,,,72.0,1.73,20400000.0,
EDwC-0791,50.0,Needs Review,Unknown,-1,,,72.0,1.06,16982437.0,
LSBG-575,50.0,Needs Review,Unknown,-1,,,29.5,1.6,26000000.0,
MATLAS-1059,50.0,Needs Review,Unknown,-1,,,33.0,3.02,69200000.0,
MATLAS-1154,50.0,Needs Review,Unknown,-1,,,24.6,1.47,25118864.0,
MATLAS-1174,50.0,Needs Review,Unknown,-1,,,38.0,2.56,37200000.0,
MATLAS-1205,50.0,Needs Review,Unknown,-1,,,39.2,1.89,20417000.0,
MATLAS-1216,50.0,Needs Review,Unknown,-1,,,39.0,1.63,28200000.0,
MATLAS-1225,50.0,Needs Review,Unknown,-1,,,19.0,1.38,20000000.0,
MATLAS-1245,50.0,Needs Review,Unknown,-1,,,31.5,2.13,20417000.0,
MATLAS-1246,50.0,Needs Review,Unknown,-1,,,37.2,2.7,77625000.0,
MATLAS-1248,50.0,Needs Review,Unknown,-1,,,37.2,2.7,77625000.0,
MATLAS-1262,50.0,Needs Review,Unknown,-1,,,32.0,1.75,77600000.0,
MATLAS-1274,50.0,Needs Review,Unknown,-1,,,37.2,2.56,77625000.0,
MATLAS-1302,50.0,Needs Review,Unknown,-1,,,37.0,1.75,12000000.0,
MATLAS-1321,50.0,Needs Review,Unknown,-1,,,37.2,1.96,204173794.0,
MATLAS-1332,50.0,Needs Review,Unknown,-1,,,37.2,1.71,177827941.0,
MATLAS-1337,50.0,Needs Review,Unknown,-1,,,36.0,2.15,20417000.0,
MATLAS-138,50.0,Needs Review,Unknown,-1,,,37.5,1.7,165958690.0,
MATLAS-1400,50.0,Needs Review,Unknown,-1,,,17.4,1.31,50118723.0,
MATLAS-1408,50.0,Needs Review,Unknown,-1,,,14.3,1.68,138038421.0,
MATLAS-1412,50.0,Needs Review,Unknown,-1,,,16.5,1.26,33884416.0,
MATLAS-1413,50.0,Needs Review,Unknown,-1,,,41.0,3.52,70800000.0,
MATLAS-1437,50.0,Needs Review,Unknown,-1,,,16.5,1.4,38904514.0,
MATLAS-1470,50.0,Needs Review,Unknown,-1,,,16.5,1.13,74131024.0,
MATLAS-1485,50.0,Needs Review,Unknown,-1,,,16.5,1.25,44668359.0,
MATLAS-149,50.0,Needs Review,Unknown,-1,,,37.0,2.0,17800000.0,
MATLAS-1493,50.0,Needs Review,Unknown,-1,,,40.2,1.86,20417000.0,
MATLAS-1530,50.0,Needs Review,Unknown,-1,,,39.6,1.62,16982437.0,
MATLAS-1534,50.0,Needs Review,Unknown,-1,,,40.0,0.98,44700000.0,
MATLAS-1539,50.0,Needs Review,Unknown,-1,,,39.6,1.53,83176377.0,
MATLAS-1545,50.0,Needs Review,Unknown,-1,,,39.6,1.85,21877616.0,
MATLAS-1550,50.0,Needs Review,Unknown,-1,,,32.0,1.59,29500000.0,
MATLAS-1558,50.0,Needs Review,Unknown,-1,,,32.0,2.13,21400000.0,
MATLAS-1577,50.0,Needs Review,Unknown,-1,,,31.5,1.14,26302680.0,
MATLAS-1589,50.0,Needs Review,Unknown,-1,,,30.0,1.7,12900000.0,
MATLAS-1606,50.0,Needs Review,Unknown,-1,,,37.1,1.73,77625000.0,
MATLAS-1615,50.0,Needs Review,Unknown,-1,,,37.1,2.85,20417000.0,
MATLAS-1616,50.0,Needs Review,Unknown,-1,,,30.0,2.45,53700000.0,
MATLAS-1618,50.0,Needs Review,Unknown,-1,,,30.3,1.06,14125375.0,
MATLAS-1630,50.0,Needs Review,Unknown,-1,,,30.0,1.91,19100000.0,
MATLAS-1647,50.0,Needs Review,Unknown,-1,,,37.0,1.33,9120000.0,
MATLAS-1662,50.0,Needs Review,Unknown,-1,,,37.1,1.27,42657952.0,
MATLAS-1667,50.0,Needs Review,Unknown,-1,,,30.0,1.12,54954087.0,
MATLAS-1740,50.0,Needs Review,Unknown,-1,,,25.8,1.32,5248075.0,
MATLAS-177,50.0,Needs Review,Unknown,-1,,,22.0,1.69,30900000.0,
MATLAS-1779,50.0,Needs Review,Unknown,-1,,,39.0,2.9,81300000.0,
MATLAS-1801,50.0,Needs Review,Unknown,-1,,,38.8,1.29,29512092.0,
MATLAS-1847,50.0,Needs Review,Unknown,-1,,,23.2,1.73,20417000.0,
MATLAS-1855,50.0,Needs Review,Unknown,-1,,,23.2,1.3,20417000.0,
MATLAS-1865,50.0,Needs Review,Unknown,-1,,,27.0,1.44,26900000.0,
MATLAS-1888,50.0,Needs Review,Unknown,-1,,,27.0,1.47,30902954.0,
MATLAS-1907,50.0,Needs Review,Unknown,-1,,,24.0,1.49,35500000.0,
MATLAS-1975,50.0,Needs Review,Unknown,-1,,,26.0,1.64,38000000.0,
MATLAS-1985,50.0,Needs Review,Unknown,-1,,,26.0,1.94,91200000.0,
MATLAS-1991,50.0,Needs Review,Unknown,-1,,,25.2,1.53,77625000.0,
MATLAS-1996,50.0,Needs Review,Unknown,-1,,,21.8,1.56,20417000.0,
MATLAS-2021,50.0,Needs Review,Unknown,-1,,,22.0,1.86,12000000.0,
MATLAS-2069,50.0,Needs Review,Unknown,-1,,,25.2,1.29,11481536.0,
MATLAS-207,50.0,Needs Review,Unknown,-1,,,35.3,0.94,13803842.0,
MATLAS-2176,50.0,Needs Review,Unknown,-1,,,23.2,1.92,131825674.0,
MATLAS-2184,50.0,Needs Review,Unknown,-1,,,29.0,1.33,30200000.0,
MATLAS-262,50.0,Needs Review,Unknown,-1,,,30.0,2.75,25100000.0,
MATLAS-290,50.0,Needs Review,Unknown,-1,,,38.4,1.58,125892541.0,
MATLAS-347,50.0,Needs Review,Unknown,-1,,,12.3,1.32,18620871.0,
MATLAS-365,50.0,Needs Review,Unknown,-1,,,31.0,0.75,13200000.0,
MATLAS-368,50.0,Needs Review,Unknown,-1,,,31.0,2.63,17000000.0,
MATLAS-401,50.0,Needs Review,Unknown,-1,,,35.1,1.83,177827941.0,
MATLAS-405,50.0,Needs Review,Unknown,-1,,,28.0,2.31,43700000.0,
MATLAS-478,50.0,Needs Review,Unknown,-1,,,22.0,2.02,112000000.0,
MATLAS-524,50.0,Needs Review,Unknown,-1,,,27.0,1.61,56234133.0,
MATLAS-627,50.0,Needs Review,Unknown,-1,,,45.8,1.7,46773514.0,
MATLAS-658,50.0,Needs Review,Unknown,-1,,,33.0,1.99,24500000.0,
MATLAS-682,50.0,Needs Review,Unknown,-1,,,40.8,1.22,8709636.0,
MATLAS-787,50.0,Needs Review,Unknown,-1,,,24.5,1.14,14125375.0,
MATLAS-799,50.0,Needs Review,Unknown,-1,,,25.0,2.0,74100000.0,
MATLAS-898,50.0,Needs Review,Unknown,-1,,,20.0,1.33,22400000.0,
MATLAS-976,50.0,Needs Review,Unknown,-1,,,26.3,1.21,22908677.0,
MATLAS-984,50.0,Needs Review,Unknown,-1,,,33.0,1.49,21900000.0,
MATLAS-987,50.0,Needs Review,Unknown,-1,,,32.7,1.32,46773514.0,
NGC 55-dw1,50.0,Needs Review,Unknown,-1,,,2.0,2.2,142000.0,
NGC1052-DF44,50.0,Needs Review,Unknown,-1,,,100.0,4.7,,0.98
PUDG-R21,50.0,Needs Review,Unknown,-1,,,75.0,2.16,325000000.0,
R-127-1,50.0,Needs Review,Unknown,-1,,,75.0,4.2,320000000.0,
Sagittarius dSph,50.0,Needs Review,Unknown,-1,,,0.02,2.6,132000000.0,
UDG 412,50.0,Needs Review,Unknown,-1,,,103.0,0.8568,13803840.0,
UDG 425,50.0,Needs Review,Unknown,-1,,,97.65,3.11,26302680.0,
VCC 1017,50.0,Needs Review,Unknown,-1,,,16.5,4.29,335000000.0,
VCC 811,50.0,Needs Review,Unknown,-1,,,16.5,2.71,73000000.0,
WLM,50.0,Needs Review,Unknown,-1,,,0.93,1.65,41000000.0,
[KKS2000]04,50.0,Needs Review,Unknown,-1,,,13.0,1.424,600000000.0,
g1.90e10,50.0,Needs Review,Unknown,-1,,,16.5,1.36,12050000.0,
Abell 1314,50.0,Needs Review,Ursa Major,-1,173.7104,49.0578,140.2,,,
NGC 3079,50.0,Needs Review,Ursa Major,-1,150.491,55.68,18.68,,,
MATLAS-991,50.0,Needs Review,Ursa Major,57,170.7145,56.9153,33.4,,,
1154+0203,50.0,Needs Review,Virgo,-1,178.7025,2.0597222,,1.64,,
1228+0116,50.0,Needs Review,Virgo,-1,187.1795833,1.2702778,,1.74,,
1230-0015,50.0,Needs Review,Virgo,-1,187.6425,-0.2577778,,5.6,,
1249+0233,50.0,Needs Review,Virgo,-1,192.4579167,2.5594444,,4.84,,
1307+0112,50.0,Needs Review,Virgo,-1,196.88,1.2147222,,3.83,,
1350+0230,50.0,Needs Review,Virgo,-1,207.74875,2.5055556,,3.49,,
1431+0142,50.0,Needs Review,Virgo,-1,217.8354167,1.7069444,,3.04,,
RXCJ1223.1+1037,50.0,Needs Review,Virgo,-1,185.7771,10.4572,109.7,,,
NGVS J123037.24+124609.2,50.0,Needs Review,Virgo,11,187.6551667,12.7692222,16.5,,,
RXCJ1204.4+0154,50.0,Needs Review,Virgo,49,181.105,1.9006,85.7,,,
SMDG0000017+325141,33.3,Low Confidence,Andromeda,-1,0.0070833333333333,32.8613888889,,,,
16983,33.3,Low Confidence,Aquarius,-1,336.23,-0.38,,,,
MACSJ0717.5+3745,33.3,Low Confidence,Auriga,-1,109.385958,37.749917,,,,
Dw1459+44,33.3,Low Confidence,Boötes,-1,224.91,44.6731,,,,
UGC9893sat,33.3,Low Confidence,Boötes,-1,233.2142,46.4319,,,,
Dw1155+78,33.3,Low Confidence,Camelopardalis,-1,178.9758,78.0789,,,,
Dw1234+76,33.3,Low Confidence,Camelopardalis,-1,188.5971,76.7261,,,,
SMDG0956+82,33.3,Low Confidence,Camelopardalis,-1,149.054167,82.89,,,,
Dw1339+39,33.3,Low Confidence,Canes Venatici,-1,204.9379,39.1358,,,,
SMDG1241+35,33.3,Low Confidence,Canes Venatici,-1,190.295834,35.196111,,,,
SMDG1345+33,33.3,Low Confidence,Canes Venatici,-1,206.295834,33.191944,,,,
10225,33.3,Low Confidence,Cetus,-1,29.23,-4.41,,,,
14697,33.3,Low Confidence,Cetus,-1,32.76,-4.89,,,,
1505,33.3,Low Confidence,Cetus,-1,29.09,1.04,,,,
242,33.3,Low Confidence,Cetus,-1,30.34874,-6.82286,,,,
327,33.3,Low Confidence,Cetus,-1,35.36102,-5.43343,,,,
328,33.3,Low Confidence,Cetus,-1,35.44907,-5.65036,,,,
4322,33.3,Low Confidence,Cetus,-1,36.44,-3.21,,,,
61766250,33.3,Low Confidence,Cetus,-1,30.1112,-9.24769,,,,
62011325,33.3,Low Confidence,Cetus,-1,29.9449,-6.78979,,,,
62053525,33.3,Low Confidence,Cetus,-1,29.8595,-16.8586,,,,
62071354,33.3,Low Confidence,Cetus,-1,29.8342,-17.1604,,,,
62227622,33.3,Low Confidence,Cetus,-1,29.5063,-13.3511,,,,
62371677,33.3,Low Confidence,Cetus,-1,29.6675,-5.35506,,,,
62840965,33.3,Low Confidence,Cetus,-1,30.1905,-6.18018,,,,
63527438,33.3,Low Confidence,Cetus,-1,30.1134,-4.56234,,,,
64480503,33.3,Low Confidence,Cetus,-1,29.4619,-23.0107,,,,
64560481,33.3,Low Confidence,Cetus,-1,30.0521,-5.09785,,,,
64697654,33.3,Low Confidence,Cetus,-1,29.5818,-8.50243,,,,
730,33.3,Low Confidence,Cetus,-1,34.15,-2.12,,,,
7629,33.3,Low Confidence,Cetus,-1,29.16,-1.82,,,,
962,33.3,Low Confidence,Cetus,-1,33.67,-4.57,,,,
9754,33.3,Low Confidence,Cetus,-1,33.34,-2.88,,,,
SMDG0038239+010621,33.3,Low Confidence,Cetus,-1,9.59958333,1.10583333,,,,
SMDG0039489-162223,33.3,Low Confidence,Cetus,-1,9.95375,-16.373056,,,,
SMDG0040218-220213,33.3,Low Confidence,Cetus,-1,10.090833,-22.036944,,,,
SMDG0040239-013230,33.3,Low Confidence,Cetus,-1,10.099583,-1.541667,,,,
SMDG0113177-001417,33.3,Low Confidence,Cetus,-1,18.32375,-0.23805556,,,,
SMDG0115352+001434,33.3,Low Confidence,Cetus,-1,18.89666667,0.24277778,,,,
SMDG0223-02,33.3,Low Confidence,Cetus,-1,35.827916,-2.056944,,,,
DF27,33.3,Low Confidence,Coma Berenices,-1,194.73875,27.7441666,,,,
SMDG1221+28,33.3,Low Confidence,Coma Berenices,-1,185.457084,28.52,,,,
SMDG1231377+203617,33.3,Low Confidence,Coma Berenices,-1,187.90708333,20.60472222,,,,
SMDG1302280+204900,33.3,Low Confidence,Coma Berenices,-1,195.61666667,20.81666667,,,,
SMDG1304250+210738,33.3,Low Confidence,Coma Berenices,-1,196.10416667,21.12722222,,,,
Dw1709+74,33.3,Low Confidence,Draco,-1,257.44,74.1789,,,,
Dw1735+57,33.3,Low Confidence,Draco,-1,263.8942,57.8131,,,,
64773733,33.3,Low Confidence,Eridanus,-1,29.0012,-50.2462,,,,
MACSJ0416.1-2403,33.3,Low Confidence,Eridanus,-1,64.034917,-24.072444,,,,
SMDG0430339-052909,33.3,Low Confidence,Eridanus,-1,67.64125,-5.485833,,,,
62646182,33.3,Low Confidence,Fornax,-1,30.4643,-24.0018,,,,
62830903,33.3,Low Confidence,Fornax,-1,29.9594,-28.8656,,,,
63262376,33.3,Low Confidence,Fornax,-1,30.2929,-24.9787,,,,
63922768,33.3,Low Confidence,Fornax,-1,29.5244,-32.7958,,,,
64868340,33.3,Low Confidence,Fornax,-1,29.3394,-23.8729,,,,
NGFS033429-353241,33.3,Low Confidence,Fornax,-1,53.6208345,-35.5447222,,,,
NGFS033807-352624,33.3,Low Confidence,Fornax,-1,54.5291667,-35.44,,,,
NGFS033913-352217,33.3,Low Confidence,Fornax,-1,54.8041667,-35.3713889,,,,
Dw1559+46,33.3,Low Confidence,Hercules,-1,239.7608,46.3944,,,,
Dw1645+46,33.3,Low Confidence,Hercules,-1,251.4521,46.79,,,,
10447,33.3,Low Confidence,Hydra,-1,138.69,3.35,,,,
4198,33.3,Low Confidence,Hydra,-1,138.41,3.29,,,,
4312,33.3,Low Confidence,Hydra,-1,133.65,0.64,,,,
Dw0852-0210,33.3,Low Confidence,Hydra,-1,133.1479,-2.1781,,,,
61456395,33.3,Low Confidence,Hydrus,-1,29.7062,-60.4882,,,,
61580602,33.3,Low Confidence,Hydrus,-1,30.3125,-58.1927,,,,
63037584,33.3,Low Confidence,Hydrus,-1,28.9741,-59.5261,,,,
63097874,33.3,Low Confidence,Hydrus,-1,29.3755,-61.1452,,,,
63113174,33.3,Low Confidence,Hydrus,-1,29.1535,-61.4326,,,,
11853,33.3,Low Confidence,Leo,-1,172.28,0.61,,,,
1961,33.3,Low Confidence,Leo,-1,171.84,0.14,,,,
4995,33.3,Low Confidence,Leo,-1,167.77,1.09,,,,
6545,33.3,Low Confidence,Leo,-1,170.69,0.46,,,,
AGC 198596,33.3,Low Confidence,Leo,-1,147.03,16.2606,,,,
MACSJ1149.5+2223,33.3,Low Confidence,Leo,-1,177.39875,22.398536,,,,
SDSS J113939.59+262036.6,33.3,Low Confidence,Leo,-1,174.9149583,26.3435,,,,
SMDG1110+18,33.3,Low Confidence,Leo,-1,167.729168,18.981111,,,,
13527,33.3,Low Confidence,Libra,-1,221.83,-1.26,,,,
Sumo Puff,33.3,Low Confidence,Libra,-1,222.3131,-0.70188094,,,,
SMDG0740+40,33.3,Low Confidence,Lynx,-1,115.095834,40.548889,,,,
SPT-CL J2031-4037,33.3,Low Confidence,Microscopium,-1,307.9645833,-40.6205556,,,,
6922,33.3,Low Confidence,Pegasus,-1,336.65,5.19,,,,
SMDG0000453+305356,33.3,Low Confidence,Pegasus,-1,0.18875,30.8988888889,,,,
SMDG0004118+163159,33.3,Low Confidence,Pegasus,-1,1.049167,16.533056,,,,
63716543,33.3,Low Confidence,Phoenix,-1,30.0657,-39.5446,,,,
SMDG0000202-402435,33.3,Low Confidence,Phoenix,-1,0.0841666666666666,-40.4097222222,,,,
SMDG0000588-410921,33.3,Low Confidence,Phoenix,-1,0.245,-41.1558333333,,,,
SMDG0001278-553133,33.3,Low Confidence,Phoenix,-1,0.3658333333,-55.5258333333,,,,
SMDG0040340-561554,33.3,Low Confidence,Phoenix,-1,10.141667,-56.265,,,,
11537,33.3,Low Confidence,Pisces,-1,351.09,0.32,,,,
11934,33.3,Low Confidence,Pisces,-1,353.86,1.06,,,,
17332,33.3,Low Confidence,Pisces,-1,349.52,1.97,,,,
3365,33.3,Low Confidence,Pisces,-1,0.96,2.07,,,,
61508029,33.3,Low Confidence,Pisces,-1,29.925,4.60483,,,,
61638403,33.3,Low Confidence,Pisces,-1,29.9539,4.75811,,,,
61638933,33.3,Low Confidence,Pisces,-1,29.4862,4.74468,,,,
61712539,33.3,Low Confidence,Pisces,-1,30.2824,5.28992,,,,
Dw0010-0112,33.3,Low Confidence,Pisces,-1,2.61,-1.205,,,,
SMDG0000473-040432,33.3,Low Confidence,Pisces,-1,0.1970833333,-4.0755555556,,,,
SMDG0000500-040035,33.3,Low Confidence,Pisces,-1,0.2083333333,-4.0097222222,,,,
SMDG0039525+034347,33.3,Low Confidence,Pisces,-1,9.96875,3.729722,,,,
SMDG0039587+024558,33.3,Low Confidence,Pisces,-1,9.994583,2.766111,,,,
SMDG0040029+025725,33.3,Low Confidence,Pisces,-1,10.012083,2.956944,,,,
SMDG0040194+033200,33.3,Low Confidence,Pisces,-1,10.080833,3.533333,,,,
KiDS_UDG_1,33.3,Low Confidence,Sculptor,-1,0.627707,-30.6654,,,,
KiDS_UDG_10,33.3,Low Confidence,Sculptor,-1,8.779283,-28.0503,,,,
KiDS_UDG_11,33.3,Low Confidence,Sculptor,-1,10.549599,-31.6502,,,,
KiDS_UDG_13,33.3,Low Confidence,Sculptor,-1,14.161699,-31.786,,,,
KiDS_UDG_14,33.3,Low Confidence,Sculptor,-1,15.9952,-28.5139,,,,
KiDS_UDG_16,33.3,Low Confidence,Sculptor,-1,18.603041,-32.6282,,,,
KiDS_UDG_2,33.3,Low Confidence,Sculptor,-1,0.726513,-33.999,,,,
KiDS_UDG_20,33.3,Low Confidence,Sculptor,-1,19.213181,-33.0282,,,,
KiDS_UDG_21,33.3,Low Confidence,Sculptor,-1,19.496324,-32.769,,,,
KiDS_UDG_22,33.3,Low Confidence,Sculptor,-1,19.830581,-33.0867,,,,
KiDS_UDG_23,33.3,Low Confidence,Sculptor,-1,20.117843,-31.4713,,,,
KiDS_UDG_24,33.3,Low Confidence,Sculptor,-1,20.266866,-33.157,,,,
KiDS_UDG_3,33.3,Low Confidence,Sculptor,-1,1.899134,-32.168,,,,
KiDS_UDG_4,33.3,Low Confidence,Sculptor,-1,2.142476,-33.8264,,,,
KiDS_UDG_5,33.3,Low Confidence,Sculptor,-1,2.162882,-33.8838,,,,
KiDS_UDG_7,33.3,Low Confidence,Sculptor,-1,7.980486,-33.2661,,,,
KiDS_UDG_9,33.3,Low Confidence,Sculptor,-1,8.404569,-32.3808,,,,
SMDG0039472-370027,33.3,Low Confidence,Sculptor,-1,9.946667,-37.0075,,,,
SMDG0040103-303513,33.3,Low Confidence,Sculptor,-1,10.042917,-30.586944,,,,
UDG_14.161699_-31.786,33.3,Low Confidence,Sculptor,-1,14.161699,-31.786,,,,
UDG_15.9952_-28.5139,33.3,Low Confidence,Sculptor,-1,15.9952,-28.5139,,,,
UDG_19.213181_-33.0282,33.3,Low Confidence,Sculptor,-1,19.213181,-33.0282,,,,
UDG_19.496324_-32.769,33.3,Low Confidence,Sculptor,-1,19.496324,-32.769,,,,
UDG_19.830581_-33.0867,33.3,Low Confidence,Sculptor,-1,19.830581,-33.0867,,,,
UDG_2.162882_-33.8838,33.3,Low Confidence,Sculptor,-1,2.162882,-33.8838,,,,
UDG_20.117843_-31.4713,33.3,Low Confidence,Sculptor,-1,20.117843,-31.4713,,,,
UDG_20.266866_-33.157,33.3,Low Confidence,Sculptor,-1,20.266866,-33.157,,,,
1079,33.3,Low Confidence,Sextans,-1,151.96,0.53,,,,
16596,33.3,Low Confidence,Sextans,-1,158.17,2.7,,,,
17416,33.3,Low Confidence,Sextans,-1,160.91,0.61,,,,
1799,33.3,Low Confidence,Sextans,-1,153.44,-0.12,,,,
2185,33.3,Low Confidence,Sextans,-1,160.25,-0.7,,,,
3873,33.3,Low Confidence,Sextans,-1,146.55,2.37,,,,
5365,33.3,Low Confidence,Sextans,-1,160.97,1.06,,,,
9128,33.3,Low Confidence,Sextans,-1,154.93,-0.64,,,,
LSBG_148.1515-1.9437,33.3,Low Confidence,Sextans,-1,148.1515,-1.9437,,,,
LSBG_148.4513-1.7697,33.3,Low Confidence,Sextans,-1,148.4513,-1.7697,,,,
LSBG_148.9471-1.8950,33.3,Low Confidence,Sextans,-1,148.9471,-1.895,,,,
LSBG_149.2038-1.7671,33.3,Low Confidence,Sextans,-1,149.2038,-1.7671,,,,
LSBG_150.1394-1.6974,33.3,Low Confidence,Sextans,-1,150.1394,-1.6974,,,,
SMDG1017-05,33.3,Low Confidence,Sextans,-1,154.317917,-5.498056,,,,
SSH-UDG 1,33.3,Low Confidence,Triangulum,-1,27.46218,32.62831,,,,
102,33.3,Low Confidence,Unknown,-1,,,,0.89,10471300.0,
104,33.3,Low Confidence,Unknown,-1,,,,1.05,19952600.0,
105,33.3,Low Confidence,Unknown,-1,,,,1.22,3801900.0,
107,33.3,Low Confidence,Unknown,-1,,,,1.99,6025600.0,
108,33.3,Low Confidence,Unknown,-1,,,,0.81,3801900.0,
113,33.3,Low Confidence,Unknown,-1,,,,0.84,2398800.0,
114,33.3,Low Confidence,Unknown,-1,,,,1.52,54954000.0,
115,33.3,Low Confidence,Unknown,-1,,,,1.16,3801900.0,
118,33.3,Low Confidence,Unknown,-1,,,,0.88,6606900.0,
121,33.3,Low Confidence,Unknown,-1,,,,1.67,66069000.0,
122,33.3,Low Confidence,Unknown,-1,,,,1.47,38018900.0,
131151,33.3,Low Confidence,Unknown,-1,,,,5.0,7762500000.0,
17358,33.3,Low Confidence,Unknown,-1,,,,10.58,1479100000.0,
17503,33.3,Low Confidence,Unknown,-1,,,,7.42,2238700000.0,
18638,33.3,Low Confidence,Unknown,-1,,,,9.89,758580000.0,
236,33.3,Low Confidence,Unknown,-1,,,,1.25,7244400.0,
325,33.3,Low Confidence,Unknown,-1,,,,1.01,10471300.0,
33053,33.3,Low Confidence,Unknown,-1,,,,10.79,245470000.0,
331,33.3,Low Confidence,Unknown,-1,,,,1.47,38018900.0,
366,33.3,Low Confidence,Unknown,-1,,,,1.57,54954000.0,
372,33.3,Low Confidence,Unknown,-1,,,,1.25,41686900.0,
373,33.3,Low Confidence,Unknown,-1,,,,1.52,54954000.0,
380,33.3,Low Confidence,Unknown,-1,,,,0.74,7943300.0,
387,33.3,Low Confidence,Unknown,-1,,,,1.2,45708800.0,
391,33.3,Low Confidence,Unknown,-1,,,,0.78,6606900.0,
402,33.3,Low Confidence,Unknown,-1,,,,0.77,16595900.0,
406,33.3,Low Confidence,Unknown,-1,,,,1.15,15135600.0,
407,33.3,Low Confidence,Unknown,-1,,,,2.85,125893000.0,
408,33.3,Low Confidence,Unknown,-1,,,,0.82,5495400.0,
409,33.3,Low Confidence,Unknown,-1,,,,2.27,72443600.0,
410,33.3,Low Confidence,Unknown,-1,,,,0.69,23988300.0,
415,33.3,Low Confidence,Unknown,-1,,,,1.1,7244400.0,
419,33.3,Low Confidence,Unknown,-1,,,,1.66,125893000.0,
423,33.3,Low Confidence,Unknown,-1,,,,0.77,16595900.0,
427,33.3,Low Confidence,Unknown,-1,,,,0.83,6606900.0,
432,33.3,Low Confidence,Unknown,-1,,,,1.1,21850000.0,
433,33.3,Low Confidence,Unknown,-1,,,,1.54,13803800.0,
434,33.3,Low Confidence,Unknown,-1,,,,1.38,26302700.0,
435,33.3,Low Confidence,Unknown,-1,,,,0.95,5495400.0,
437,33.3,Low Confidence,Unknown,-1,,,,0.77,16595900.0,
438,33.3,Low Confidence,Unknown,-1,,,,1.45,12589300.0,
83402,33.3,Low Confidence,Unknown,-1,,,,7.47,4168700000.0,
88976,33.3,Low Confidence,Unknown,-1,,,,6.67,1318300000.0,
89140,33.3,Low Confidence,Unknown,-1,,,,5.2,1698200000.0,
91,33.3,Low Confidence,Unknown,-1,,,,1.58,6025600.0,
AGC102269,33.3,Low Confidence,Unknown,-1,,,74.8,,204173794.0,
AGC102791,33.3,Low Confidence,Unknown,-1,,,75.4,,74131024.0,
AGC105118,33.3,Low Confidence,Unknown,-1,,,72.8,,42657951.0,
AGC105466,33.3,Low Confidence,Unknown,-1,,,77.0,,60255959.0,
AGC121790,33.3,Low Confidence,Unknown,-1,,,37.5,,25118864.315,
AGC229398,33.3,Low Confidence,Unknown,-1,,,,9.0,100000000.0,
AGC333576,33.3,Low Confidence,Unknown,-1,,,,4.4,100000000.0,
AGC749401,33.3,Low Confidence,Unknown,-1,,,41.8,,204173794.466,
Andromeda X,33.3,Low Confidence,Unknown,-1,,,0.78,1.46,,
Andromeda XXXII,33.3,Low Confidence,Unknown,-1,,,0.78,1.46,,
Antlia 2,33.3,Low Confidence,Unknown,-1,,,0.129,2.867,,
Cam A,33.3,Low Confidence,Unknown,-1,,,3.56,4.61,,
Crater 2,33.3,Low Confidence,Unknown,-1,,,0.118,1.066,,
Crater II,33.3,Low Confidence,Unknown,-1,,,0.112,1.066,,
DDO126,33.3,Low Confidence,Unknown,-1,,,4.97,4.14,,
DDO169,33.3,Low Confidence,Unknown,-1,,,4.41,3.65,,
DDO226,33.3,Low Confidence,Unknown,-1,,,4.92,3.12,,
EDwC-0120,33.3,Low Confidence,Unknown,-1,,,72.0,,8709635899.0,
EDwC-0156,33.3,Low Confidence,Unknown,-1,,,72.0,,66069344800.0,
ESO115-021,33.3,Low Confidence,Unknown,-1,,,5.08,10.14,,
ESO269-058,33.3,Low Confidence,Unknown,-1,,,3.75,5.52,,
Eridanus II,33.3,Low Confidence,Unknown,-1,,,0.38,0.196,,
FS90 135,33.3,Low Confidence,Unknown,-1,,,35.2,2.03,,
FS90 141,33.3,Low Confidence,Unknown,-1,,,35.2,1.81,,
FS90 143,33.3,Low Confidence,Unknown,-1,,,35.2,1.81,,
FS90 154,33.3,Low Confidence,Unknown,-1,,,35.2,1.81,,
FS90 268,33.3,Low Confidence,Unknown,-1,,,35.2,2.03,,
FS90 270,33.3,Low Confidence,Unknown,-1,,,35.2,2.03,,
FS90 293,33.3,Low Confidence,Unknown,-1,,,35.2,1.81,,
FS90 329,33.3,Low Confidence,Unknown,-1,,,35.2,2.03,,
FS90 52,33.3,Low Confidence,Unknown,-1,,,35.2,1.81,,
HolmI,33.3,Low Confidence,Unknown,-1,,,4.02,5.54,,
HolmIX,33.3,Low Confidence,Unknown,-1,,,3.85,3.15,,
Hydra-I UDG 4,33.3,Low Confidence,Unknown,-1,,,50.0,,1060000000.0,
Hydra-I UDG 9,33.3,Low Confidence,Unknown,-1,,,50.0,,178000000.0,
IC2574,33.3,Low Confidence,Unknown,-1,,,,2.7,245470891.57,
IC3687,33.3,Low Confidence,Unknown,-1,,,4.57,6.92,,
ID149222,33.3,Low Confidence,Unknown,-1,,,,6.72,245000000.0,
LBT-10,33.3,Low Confidence,Unknown,-1,,,,2.72,32359400.0,
LBT-11,33.3,Low Confidence,Unknown,-1,,,,1.69,15848932.0,
LBT-12,33.3,Low Confidence,Unknown,-1,,,,3.3,67608300.0,
LBT-3,33.3,Low Confidence,Unknown,-1,,,,4.99,97723722.0,
LBT-4,33.3,Low Confidence,Unknown,-1,,,,3.57,79432824.0,
LBT-6,33.3,Low Confidence,Unknown,-1,,,,2.88,67608300.0,
LBT-7,33.3,Low Confidence,Unknown,-1,,,,4.09,120226444.0,
LBT-8,33.3,Low Confidence,Unknown,-1,,,,3.46,79432824.0,
LV J1228+4358,33.3,Low Confidence,Unknown,-1,,,4.07,4.56,,
NGC 3785 tail UDG candidate,33.3,Low Confidence,Unknown,-1,,,131.8,,661000000.0,
NGC3109,33.3,Low Confidence,Unknown,-1,,,1.34,7.73,,
NGC4449B,33.3,Low Confidence,Unknown,-1,,,3.8,2.7,,
NGVSUDG-07,33.3,Low Confidence,Unknown,-1,,,15.85,2.1516,,
OHP-3,33.3,Low Confidence,Unknown,-1,,,,2.46,56234133.0,
UDG 102,33.3,Low Confidence,Unknown,-1,,,,0.89,10471290.0,
UDG 104,33.3,Low Confidence,Unknown,-1,,,,1.05,19952620.0,
UDG 105,33.3,Low Confidence,Unknown,-1,,,,1.22,3801894.0,
UDG 107,33.3,Low Confidence,Unknown,-1,,,,1.99,6025596.0,
UDG 108,33.3,Low Confidence,Unknown,-1,,,,0.81,3801894.0,
UDG 112,33.3,Low Confidence,Unknown,-1,,,,1.53,54954080.0,
UDG 113,33.3,Low Confidence,Unknown,-1,,,,0.84,2398833.0,
UDG 114,33.3,Low Confidence,Unknown,-1,,,,1.52,54954080.0,
UDG 115,33.3,Low Confidence,Unknown,-1,,,,1.16,3801894.0,
UDG 118,33.3,Low Confidence,Unknown,-1,,,,0.88,6606934.0,
UDG 121,33.3,Low Confidence,Unknown,-1,,,,1.67,66069340.0,
UDG 122,33.3,Low Confidence,Unknown,-1,,,,1.47,38018940.0,
UDG 236,33.3,Low Confidence,Unknown,-1,,,,1.25,7244360.0,
UDG 238,33.3,Low Confidence,Unknown,-1,,,,1.06,21877620.0,
UDG 272,33.3,Low Confidence,Unknown,-1,,,97.65,1.4,,
UDG 317,33.3,Low Confidence,Unknown,-1,,,103.0,1.296,,
UDG 325,33.3,Low Confidence,Unknown,-1,,,,1.01,10471290.0,
UDG 331,33.3,Low Confidence,Unknown,-1,,,,1.47,38018940.0,
UDG 358,33.3,Low Confidence,Unknown,-1,,,,1.75,125892500.0,
UDG 366,33.3,Low Confidence,Unknown,-1,,,,1.57,54954080.0,
UDG 367,33.3,Low Confidence,Unknown,-1,,,,1.48,38018940.0,
UDG 370,33.3,Low Confidence,Unknown,-1,,,,3.03,45708820.0,
UDG 372,33.3,Low Confidence,Unknown,-1,,,,1.25,41686940.0,
UDG 373,33.3,Low Confidence,Unknown,-1,,,,1.52,54954080.0,
UDG 374,33.3,Low Confidence,Unknown,-1,,,,1.01,21877620.0,
UDG 380,33.3,Low Confidence,Unknown,-1,,,,0.74,7943282.0,
UDG 382,33.3,Low Confidence,Unknown,-1,,,97.65,1.48,,
UDG 386,33.3,Low Confidence,Unknown,-1,,,,1.93,125892500.0,
UDG 387,33.3,Low Confidence,Unknown,-1,,,,1.2,45708820.0,
UDG 391,33.3,Low Confidence,Unknown,-1,,,,0.78,6606934.0,
UDG 395,33.3,Low Confidence,Unknown,-1,,,,0.69,5495408.0,
UDG 402,33.3,Low Confidence,Unknown,-1,,,,0.77,16595870.0,
UDG 406,33.3,Low Confidence,Unknown,-1,,,,1.15,15135610.0,
UDG 407,33.3,Low Confidence,Unknown,-1,,,,2.85,125892500.0,
UDG 408,33.3,Low Confidence,Unknown,-1,,,,0.82,5495408.0,
UDG 409,33.3,Low Confidence,Unknown,-1,,,,2.27,72443600.0,
UDG 410,33.3,Low Confidence,Unknown,-1,,,,0.69,23988330.0,
UDG 415,33.3,Low Confidence,Unknown,-1,,,,1.1,7244360.0,
UDG 419,33.3,Low Confidence,Unknown,-1,,,,1.66,125892500.0,
UDG 421,33.3,Low Confidence,Unknown,-1,,,,0.74,7244360.0,
UDG 423,33.3,Low Confidence,Unknown,-1,,,,0.77,16595870.0,
UDG 424,33.3,Low Confidence,Unknown,-1,,,,1.36,5011872.0,
UDG 427,33.3,Low Confidence,Unknown,-1,,,,0.83,6606934.0,
UDG 432,33.3,Low Confidence,Unknown,-1,,,,0.912,21877620.0,
UDG 433,33.3,Low Confidence,Unknown,-1,,,,1.54,13803840.0,
UDG 434,33.3,Low Confidence,Unknown,-1,,,,1.38,26302680.0,
UDG 435,33.3,Low Confidence,Unknown,-1,,,,0.95,5495408.0,
UDG 436,33.3,Low Confidence,Unknown,-1,,,,2.5,54954080.0,
UDG 437,33.3,Low Confidence,Unknown,-1,,,,0.77,16595870.0,
UDG 438,33.3,Low Confidence,Unknown,-1,,,,1.45,12589250.0,
UDG 534,33.3,Low Confidence,Unknown,-1,,,,1.66,60255960.0,
UDG 85,33.3,Low Confidence,Unknown,-1,,,,0.94,15135610.0,
UDG 89,33.3,Low Confidence,Unknown,-1,,,,1.1,31622780.0,
UDG 91,33.3,Low Confidence,Unknown,-1,,,,1.58,6025596.0,
UDG 99,33.3,Low Confidence,Unknown,-1,,,,2.09,16595870.0,
UDG-C22,33.3,Low Confidence,Unknown,-1,,,1028.0,6.16,,
UGC A442,33.3,Low Confidence,Unknown,-1,,,4.37,7.52,,
VLSB-C,33.3,Low Confidence,Unknown,-1,,,16.5,5.5,,
"Yagi093 (DF26, GMP 2748)",33.3,Low Confidence,Unknown,-1,,,,3.5,305000000.0,
Yagi275 (GMP 3418),33.3,Low Confidence,Unknown,-1,,,,2.9,94000000.0,
Yagi358,33.3,Low Confidence,Unknown,-1,,,,2.3,138000000.0,
g1.09e10,33.3,Low Confidence,Unknown,-1,,,,1.0,6637000.0,
g1.44e10,33.3,Low Confidence,Unknown,-1,,,,1.45,6694000.0,
g1.52e11,33.3,Low Confidence,Unknown,-1,,,,6.37,899400000.0,
g1.57e11,33.3,Low Confidence,Unknown,-1,,,,5.11,1178000000.0,
g1.59e11,33.3,Low Confidence,Unknown,-1,,,,6.77,691800000.0,
g1.88e10,33.3,Low Confidence,Unknown,-1,,,,1.69,16470000.0,
g1.89e10,33.3,Low Confidence,Unknown,-1,,,,1.39,13000000.0,
g2.09e10,33.3,Low Confidence,Unknown,-1,,,,1.89,9400000.0,
g2.34e10,33.3,Low Confidence,Unknown,-1,,,,1.52,13670000.0,
g2.37e10,33.3,Low Confidence,Unknown,-1,,,,1.24,17810000.0,
g2.63e10,33.3,Low Confidence,Unknown,-1,,,,1.17,42950000.0,
g2.64e10,33.3,Low Confidence,Unknown,-1,,,,2.42,29720000.0,
g2.80e10,33.3,Low Confidence,Unknown,-1,,,,1.89,36910000.0,
g2.83e10,33.3,Low Confidence,Unknown,-1,,,,1.72,29580000.0,
g2.94e10,33.3,Low Confidence,Unknown,-1,,,,1.84,59030000.0,
g3.23e11,33.3,Low Confidence,Unknown,-1,,,,4.19,364500000.0,
g3.93e10,33.3,Low Confidence,Unknown,-1,,,,2.68,37670000.0,
g4.48e10,33.3,Low Confidence,Unknown,-1,,,,3.24,140300000.0,
g4.86e10,33.3,Low Confidence,Unknown,-1,,,,2.22,123000000.0,
g4.94e10,33.3,Low Confidence,Unknown,-1,,,,2.0,113700000.0,
g4.99e10,33.3,Low Confidence,Unknown,-1,,,,2.39,123800000.0,
g5.05e10,33.3,Low Confidence,Unknown,-1,,,,1.77,95500000.0,
g6.12e10,33.3,Low Confidence,Unknown,-1,,,,1.88,92660000.0,
g6.37e10,33.3,Low Confidence,Unknown,-1,,,,4.31,227000000.0,
g6.91e10,33.3,Low Confidence,Unknown,-1,,,,2.23,250500000.0,
g6.96e10,33.3,Low Confidence,Unknown,-1,,,,3.29,369000000.0,
g7.12e10,33.3,Low Confidence,Unknown,-1,,,,2.62,137600000.0,
g8.89e10,33.3,Low Confidence,Unknown,-1,,,,2.95,403600000.0,
g9.59e10,33.3,Low Confidence,Unknown,-1,,,,4.64,281800000.0,
SMDG1103+60,33.3,Low Confidence,Ursa Major,-1,165.985,60.498056,,,,
SMDG1352420+600302,33.3,Low Confidence,Ursa Major,-1,208.175,60.0505555556,,,,
Dw1533+67,33.3,Low Confidence,Ursa Minor,-1,233.3671,67.7581,,,,
10769,33.3,Low Confidence,Virgo,-1,178.94,4.38,,,,
10986,33.3,Low Confidence,Virgo,-1,176.53,-1.09,,,,
11469,33.3,Low Confidence,Virgo,-1,220.52,-0.82,,,,
12112,33.3,Low Confidence,Virgo,-1,212.5,-1.54,,,,
12317,33.3,Low Confidence,Virgo,-1,202.43,-1.62,,,,
12741,33.3,Low Confidence,Virgo,-1,189.93,2.7,,,,
13670,33.3,Low Confidence,Virgo,-1,202.14,-1.33,,,,
1443,33.3,Low Confidence,Virgo,-1,175.87,-1.74,,,,
1454,33.3,Low Confidence,Virgo,-1,208.6,-1.05,,,,
15059,33.3,Low Confidence,Virgo,-1,223.51,1.34,,,,
15600,33.3,Low Confidence,Virgo,-1,178.81,-0.53,,,,
15735,33.3,Low Confidence,Virgo,-1,219.28,3.67,,,,
15889,33.3,Low Confidence,Virgo,-1,214.18,-1.62,,,,
18042,33.3,Low Confidence,Virgo,-1,200.36,-0.69,,,,
1808,33.3,Low Confidence,Virgo,-1,189.48,-0.27,,,,
18362,33.3,Low Confidence,Virgo,-1,179.55,-1.05,,,,
18640,33.3,Low Confidence,Virgo,-1,174.46,1.26,,,,
2236,33.3,Low Confidence,Virgo,-1,181.11,3.75,,,,
3374,33.3,Low Confidence,Virgo,-1,199.82,-1.0,,,,
3682,33.3,Low Confidence,Virgo,-1,177.59,-0.59,,,,
3783,33.3,Low Confidence,Virgo,-1,198.06,-0.97,,,,
4875,33.3,Low Confidence,Virgo,-1,200.95,1.11,,,,
5569,33.3,Low Confidence,Virgo,-1,213.72,0.2,,,,
6242,33.3,Low Confidence,Virgo,-1,192.28,-1.79,,,,
6356,33.3,Low Confidence,Virgo,-1,204.89,-0.28,,,,
6419,33.3,Low Confidence,Virgo,-1,197.33,-1.62,,,,
6437,33.3,Low Confidence,Virgo,-1,223.97,1.89,,,,
6836,33.3,Low Confidence,Virgo,-1,222.08,3.53,,,,
6934,33.3,Low Confidence,Virgo,-1,176.1,3.98,,,,
800,33.3,Low Confidence,Virgo,-1,219.43,-0.32,,,,
8868,33.3,Low Confidence,Virgo,-1,199.6,-0.53,,,,
9033,33.3,Low Confidence,Virgo,-1,213.95,0.26,,,,
9723,33.3,Low Confidence,Virgo,-1,179.08,-0.21,,,,
9906,33.3,Low Confidence,Virgo,-1,178.38,-1.73,,,,
Dw1229+0144,33.3,Low Confidence,Virgo,-1,187.3421,1.7381,,,,
Dw1235-0215,33.3,Low Confidence,Virgo,-1,188.9708,-2.265,,,,
Dw1416-0212,33.3,Low Confidence,Virgo,-1,214.1621,-2.2011,,,,
SMDG1201405-011214,33.3,Low Confidence,Virgo,-1,180.41875,-1.2038888889,,,,
SMDG1245+01,33.3,Low Confidence,Virgo,-1,191.467917,1.906111,,,,
SMDG1250+07,33.3,Low Confidence,Virgo,-1,192.612083,7.743056,,,,
SMDG1256-00,33.3,Low Confidence,Virgo,-1,194.149166,-0.528889,,,,
SMDG1349+04,33.3,Low Confidence,Virgo,-1,207.320001,4.818056,,,,
A2744_UDG04,16.7,Low Confidence,Unknown,-1,,,1540.0,,,
A2744_UDG27,16.7,Low Confidence,Unknown,-1,,,1540.0,,,
AS1063_UDG05,16.7,Low Confidence,Unknown,-1,,,1775.0,,,
DDO52,16.7,Low Confidence,Unknown,-1,,,,2.2,,
DFX2,16.7,Low Confidence,Unknown,-1,,,100.0,,,
EDwC-0035,16.7,Low Confidence,Unknown,-1,,,72.0,,,
EDwC-0145,16.7,Low Confidence,Unknown,-1,,,72.0,,,
EDwC-0165,16.7,Low Confidence,Unknown,-1,,,72.0,,,
EDwC-0239,16.7,Low Confidence,Unknown,-1,,,72.0,,,
EDwC-0424,16.7,Low Confidence,Unknown,-1,,,72.0,,,
EDwC-0468,16.7,Low Confidence,Unknown,-1,,,72.0,,,
EDwC-0854,16.7,Low Confidence,Unknown,-1,,,72.0,,,
EDwC-0926,16.7,Low Confidence,Unknown,-1,,,72.0,,,
EDwC-0932,16.7,Low Confidence,Unknown,-1,,,72.0,,,
EDwC-0997,16.7,Low Confidence,Unknown,-1,,,72.0,,,
FDS11_LSB1,16.7,Low Confidence,Unknown,-1,,,20.0,,,
FDS11_LSB17,16.7,Low Confidence,Unknown,-1,,,20.0,,,
FDS11_LSB2,16.7,Low Confidence,Unknown,-1,,,19.95,,,
FDS12 42,16.7,Low Confidence,Unknown,-1,,,20.0,,,
FDS12 47,16.7,Low Confidence,Unknown,-1,,,20.0,,,
FDS12_LSB3,16.7,Low Confidence,Unknown,-1,,,19.95,,,
FDS16_LSB45,16.7,Low Confidence,Unknown,-1,,,20.0,,,
FDS16_LSB85,16.7,Low Confidence,Unknown,-1,,,19.95,,,
HCC-087,16.7,Low Confidence,Unknown,-1,,,,3.1,,
Hydra I-UDG32,16.7,Low Confidence,Unknown,-1,,,50.0,,,
Hydra-I UDG 11,16.7,Low Confidence,Unknown,-1,,,,,63000000.0,
Hydra-I UDG 12,16.7,Low Confidence,Unknown,-1,,,,,119000000.0,
Hydra-I UDG 7,16.7,Low Confidence,Unknown,-1,,,,,49000000.0,
ID 1017,16.7,Low Confidence,Unknown,-1,,,16.5,,,
ID 1160,16.7,Low Confidence,Unknown,-1,,,16.5,,,
ID 1352,16.7,Low Confidence,Unknown,-1,,,16.5,,,
ID 1397,16.7,Low Confidence,Unknown,-1,,,16.5,,,
ID 1479,16.7,Low Confidence,Unknown,-1,,,16.5,,,
ID 1529,16.7,Low Confidence,Unknown,-1,,,16.5,,,
ID 1593,16.7,Low Confidence,Unknown,-1,,,16.5,,,
ID 1633,16.7,Low Confidence,Unknown,-1,,,16.5,,,
ID 1719,16.7,Low Confidence,Unknown,-1,,,16.5,,,
ID 1993,16.7,Low Confidence,Unknown,-1,,,16.5,,,
ID 2046,16.7,Low Confidence,Unknown,-1,,,16.5,,,
ID 2079,16.7,Low Confidence,Unknown,-1,,,16.5,,,
ID 2269,16.7,Low Confidence,Unknown,-1,,,16.5,,,
ID 227,16.7,Low Confidence,Unknown,-1,,,16.5,,,
ID 2365,16.7,Low Confidence,Unknown,-1,,,16.5,,,
ID 2458,16.7,Low Confidence,Unknown,-1,,,16.5,,,
ID 2531,16.7,Low Confidence,Unknown,-1,,,16.5,,,
ID 2731,16.7,Low Confidence,Unknown,-1,,,16.5,,,
ID 2999,16.7,Low Confidence,Unknown,-1,,,16.5,,,
ID 3032,16.7,Low Confidence,Unknown,-1,,,16.5,,,
ID 3146,16.7,Low Confidence,Unknown,-1,,,16.5,,,
ID 3225,16.7,Low Confidence,Unknown,-1,,,16.5,,,
ID 3272,16.7,Low Confidence,Unknown,-1,,,16.5,,,
ID 3548,16.7,Low Confidence,Unknown,-1,,,16.5,,,
ID 421,16.7,Low Confidence,Unknown,-1,,,16.5,,,
ID 935,16.7,Low Confidence,Unknown,-1,,,16.5,,,
NGC 1052-DF5,16.7,Low Confidence,Unknown,-1,,,21.0,,,
NGC 1052-DF7,16.7,Low Confidence,Unknown,-1,,,21.0,,,
NGC 1052-DF9,16.7,Low Confidence,Unknown,-1,,,21.0,,,
NGC 7531 shell-like debris,16.7,Low Confidence,Unknown,-1,,,22.2,,,
NGC2784dw01,16.7,Low Confidence,Unknown,-1,,,,1.3,,
NGVS 1781,16.7,Low Confidence,Unknown,-1,,,16.5,,,
NGVS 2078,16.7,Low Confidence,Unknown,-1,,,16.5,,,
NGVS 2275,16.7,Low Confidence,Unknown,-1,,,16.5,,,
NGVS J122846.19+134311.4,16.7,Low Confidence,Unknown,-1,,,16.5,,,
NGVS-UCD167,16.7,Low Confidence,Unknown,-1,,,16.5,,,
NGVS-UCD192,16.7,Low Confidence,Unknown,-1,,,16.5,,,
NGVS-UCD507,16.7,Low Confidence,Unknown,-1,,,16.5,,,
NGVS-UCD509,16.7,Low Confidence,Unknown,-1,,,16.5,,,
NGVS-UCD548,16.7,Low Confidence,Unknown,-1,,,16.5,,,
NGVS-UCD753,16.7,Low Confidence,Unknown,-1,,,16.5,,,
NGVS-UCD822,16.7,Low Confidence,Unknown,-1,,,16.5,,,
NGVS1160,16.7,Low Confidence,Unknown,-1,,,16.5,,,
NGVS1160 (VCC811),16.7,Low Confidence,Unknown,-1,,,16.5,,,
NGVS1528,16.7,Low Confidence,Unknown,-1,,,16.5,,,
NGVS1528 (VCC1017),16.7,Low Confidence,Unknown,-1,,,16.5,,,
NGVS1593,16.7,Low Confidence,Unknown,-1,,,16.5,,,
NGVS1593 (VCC1052),16.7,Low Confidence,Unknown,-1,,,16.5,,,
NGVS227 (VCC197),16.7,Low Confidence,Unknown,-1,,,16.5,,,
NGVS3404,16.7,Low Confidence,Unknown,-1,,,16.5,,,
NGVS421 (VCC360),16.7,Low Confidence,Unknown,-1,,,16.5,,,
NGVS935,16.7,Low Confidence,Unknown,-1,,,16.5,,,
RCP17,16.7,Low Confidence,Unknown,-1,,,21.0,,,
RCP21,16.7,Low Confidence,Unknown,-1,,,21.0,,,
RCP28,16.7,Low Confidence,Unknown,-1,,,21.0,,,
RUDG 15,16.7,Low Confidence,Unknown,-1,,,75.0,,,
RUDG 16,16.7,Low Confidence,Unknown,-1,,,75.0,,,
RUDG 23,16.7,Low Confidence,Unknown,-1,,,75.0,,,
RUDG 25,16.7,Low Confidence,Unknown,-1,,,75.0,,,
Sagittarius dwarf,16.7,Low Confidence,Unknown,-1,,,,1.6,,
Ta21-12000,16.7,Low Confidence,Unknown,-1,,,21.0,,,
UDG 134,16.7,Low Confidence,Unknown,-1,,,97.65,,,
UDG 142,16.7,Low Confidence,Unknown,-1,,,97.65,,,
UDG 181,16.7,Low Confidence,Unknown,-1,,,97.65,,,
UDG 217,16.7,Low Confidence,Unknown,-1,,,97.65,,,
UDG 245,16.7,Low Confidence,Unknown,-1,,,97.65,,,
UDG 247,16.7,Low Confidence,Unknown,-1,,,97.65,,,
UDG 248,16.7,Low Confidence,Unknown,-1,,,97.65,,,
UDG 254,16.7,Low Confidence,Unknown,-1,,,97.65,,,
UDG 287,16.7,Low Confidence,Unknown,-1,,,97.65,,,
UDG 303,16.7,Low Confidence,Unknown,-1,,,97.65,,,
UDG 308,16.7,Low Confidence,Unknown,-1,,,97.65,,,
UDG 316,16.7,Low Confidence,Unknown,-1,,,97.65,,,
UDG 361,16.7,Low Confidence,Unknown,-1,,,97.65,,,
UDG 371,16.7,Low Confidence,Unknown,-1,,,97.65,,,
UDG 417,16.7,Low Confidence,Unknown,-1,,,97.65,,,
UDG 420,16.7,Low Confidence,Unknown,-1,,,97.65,,,
UDG 426,16.7,Low Confidence,Unknown,-1,,,97.65,,,
UDG 452,16.7,Low Confidence,Unknown,-1,,,97.65,,,
UDG 460,16.7,Low Confidence,Unknown,-1,,,97.65,,,
UDG 469,16.7,Low Confidence,Unknown,-1,,,97.65,,,
UDG 514,16.7,Low Confidence,Unknown,-1,,,97.65,,,
UDG 535,16.7,Low Confidence,Unknown,-1,,,,1.536,,
UDG 639,16.7,Low Confidence,Unknown,-1,,,97.65,,,
UDG 673,16.7,Low Confidence,Unknown,-1,,,97.65,,,
UDG 674,16.7,Low Confidence,Unknown,-1,,,97.65,,,
UDG-C02,16.7,Low Confidence,Unknown,-1,,,1028.0,,,
UGC 5101,16.7,Low Confidence,Unknown,-1,,,161.8,,,
UGC 7321,16.7,Low Confidence,Unknown,-1,,,22.28,,,
UGC2172,16.7,Low Confidence,Unknown,-1,,,14.4,,,
VCC 1107,16.7,Low Confidence,Unknown,-1,,,16.5,,,
VCC 1148,16.7,Low Confidence,Unknown,-1,,,16.5,,,
VCC 1153,16.7,Low Confidence,Unknown,-1,,,16.5,,,
VCC 1672,16.7,Low Confidence,Unknown,-1,,,16.5,,,
VLSB-A,16.7,Low Confidence,Unknown,-1,,,16.5,,,
WUDG 1,16.7,Low Confidence,Unknown,-1,,,75.0,,,
WUDG 12,16.7,Low Confidence,Unknown,-1,,,75.0,,,
WUDG 13,16.7,Low Confidence,Unknown,-1,,,75.0,,,
WUDG 14,16.7,Low Confidence,Unknown,-1,,,75.0,,,
WUDG 16,16.7,Low Confidence,Unknown,-1,,,75.0,,,
WUDG 17,16.7,Low Confidence,Unknown,-1,,,75.0,,,
WUDG 18,16.7,Low Confidence,Unknown,-1,,,75.0,,,
WUDG 19,16.7,Low Confidence,Unknown,-1,,,75.0,,,
WUDG 2,16.7,Low Confidence,Unknown,-1,,,75.0,,,
WUDG 22,16.7,Low Confidence,Unknown,-1,,,75.0,,,
WUDG 28,16.7,Low Confidence,Unknown,-1,,,75.0,,,
WUDG 29,16.7,Low Confidence,Unknown,-1,,,75.0,,,
WUDG 35,16.7,Low Confidence,Unknown,-1,,,75.0,,,
WUDG 36,16.7,Low Confidence,Unknown,-1,,,75.0,,,
WUDG 4,16.7,Low Confidence,Unknown,-1,,,75.0,,,
WUDG 40,16.7,Low Confidence,Unknown,-1,,,75.0,,,
WUDG 41,16.7,Low Confidence,Unknown,-1,,,75.0,,,
WUDG 5,16.7,Low Confidence,Unknown,-1,,,75.0,,,
WUDG 59,16.7,Low Confidence,Unknown,-1,,,75.0,,,
WUDG 6,16.7,Low Confidence,Unknown,-1,,,75.0,,,
WUDG 7,16.7,Low Confidence,Unknown,-1,,,75.0,,,
WUDG 79,16.7,Low Confidence,Unknown,-1,,,75.0,,,
WUDG 8,16.7,Low Confidence,Unknown,-1,,,75.0,,,
WUDG 80,16.7,Low Confidence,Unknown,-1,,,75.0,,,
WUDG 83,16.7,Low Confidence,Unknown,-1,,,75.0,,,
WUDG 84,16.7,Low Confidence,Unknown,-1,,,75.0,,,
Y 112,16.7,Low Confidence,Unknown,-1,,,,1.8,,
Y 121,16.7,Low Confidence,Unknown,-1,,,,1.5,,
Y 122,16.7,Low Confidence,Unknown,-1,,,,2.4,,
Y 367,16.7,Low Confidence,Unknown,-1,,,,1.7,,
Y 370,16.7,Low Confidence,Unknown,-1,,,,2.1,,
Y 386,16.7,Low Confidence,Unknown,-1,,,,2.6,,
Y 419,16.7,Low Confidence,Unknown,-1,,,,1.7,,
Y 424,16.7,Low Confidence,Unknown,-1,,,,1.7,,
Y 425,16.7,Low Confidence,Unknown,-1,,,,1.8,,
Y 436,16.7,Low Confidence,Unknown,-1,,,,1.7,,
Y 534,16.7,Low Confidence,Unknown,-1,,,,1.9,,
